Department,Title,Level
Marketing,Junior Copywriter,Entry
Marketing,Social Media Assistant,Entry
Marketing,SEO Intern,Entry
Marketing,Entry Level Copywriter,Entry
Marketing,Conversion Optimization Wrangler,Entry
Marketing,Brand Ambassador,Experienced
Marketing,Copywriter,Experienced
Marketing,Content Writer,Experienced
Marketing,Blog Writer,Experienced
Marketing,Graphic Designer,Experienced
Marketing,Social Media Manager,Manager
Marketing,Brand Manager,Manager
Marketing,Product Marketing Manager,Manager
Marketing,Digital Marketing Manager,Manager
Marketing,Advertising Manager,Manager
Marketing,Oneline Marketing Manager,Manager
Marketing,Rockstar Copywriter,Manager
Marketing,Direct Mail Demi-God,Manager
Marketing,Director of Advertising,Director
Marketing,Director of Digital Marketing,Director
Marketing,Brand Director,Director
Marketing,Social Media Director,Director
Marketing,Director of Product Marketing,Director
Marketing,Director of Storytelling,Director
Marketing,Wizard of Light Bulb Moments,Director
Marketing,Vice President of Online Marketing,Executive
Marketing,Vice President of Branding,Executive
Marketing,Vice President of Product Marketing,Executive
Marketing,Digital Dynamo,Executive
Marketing,Chief Marketing Officer,Chief
Communications,Assistant,Entry
Communications,Intern,Entry
Communications,Trainee,Entry
Communications,Public Relations Assistant,Entry
Communications,Public Relations Intern,Entry
Communications,Public Relations Trainee,Entry
Communications,Public Information Assistant,Entry
Communications,Public Relations Administrative Assistant,Entry
Communications,Marketing Communications Associate,Experienced
Communications,Public Relations Specialist,Experienced
Communications,Publicist,Experienced
Communications,Spokesperson,Experienced
Communications,Corporate Communications Specialist,Experienced
Communications,Public Relations Coordinator,Experienced
Communications,Public Affairs Specialist,Experienced
Communications,Public Affairs Officer,Experienced
Communications,Communications Officer,Experienced
Communications,Public Information Officer,Experienced
Communications,PR Account Coordinator,Experienced
Communications,Public Information Specialist,Experienced
Communications,Media Relations Coordinator,Experienced
Communications,Public Relations Manager,Manager
Communications,Media Relations Manager,Manager
Communications,Internal Communications Manager,Manager
Communications,Public Relations and Events Manager,Manager
Communications,Online Communications Manager,Manager
Communications,External Affairs Manager,Manager
Communications,Corporate Affairs Manager,Manager
Communications,Manager of Public Relations,Manager
Communications,Technology Communications Manager,Manager
Communications,Media Director,Director
Communications,Public Relations Director,Director
Communications,Director of Internal Communications,Director
Communications,Director of Public Affairs,Director
Communications,Corporate Affairs Director,Director
Communications,Director of External Affairs,Director
Communications,Vice President of Corporate Communications,Executive
Communications,Vice President of External Affairs,Executive
Communications,Vice President of Corporate Affairs,Executive
Communications,Vice President of Public Relations,Executive
Communications,Vice President of Media Relations,Executive
Communications,Communications Officer,Chief
Communications,Public Information Officer,Chief
Communications,Chief Communications Officver,Chief
Design,Intern,Entry
Design,Assistant,Entry
Design,Trainee,Entry
Design,Junior Graphic Designer,Entry
Design,Entry Level UX Designer,Entry
Design,Junior UX Designer,Entry
Design,Graphic Design Intern,Entry
Design,Creative Intern,Entry
Design,Graphic Designer,Experienced
Design,UX Designer,Experienced
Design,Interior Designer,Experienced
Design,Fashion Designer,Experienced
Design,Illustrator,Experienced
Design,Instructional Designer,Experienced
Design,Web Designer,Experienced
Design,Game Designer,Experienced
Design,Video Game Designer,Experienced
Design,UI Designer,Experienced
Design,Senior Graphic Designer,Experienced
Design,Visual Designer,Experienced
Design,Production Artist,Experienced
Design,Textile Designer,Experienced
Design,Technical Designer,Experienced
Design,Motion Designer,Experienced
Design,Motion Graphics Designer,Experienced
Design,Layout Artist,Experienced
Design,Brand Designer,Experienced
Design,Logo Designer,Experienced
Design,Packing Designer,Experienced
Design,Senior Designer,Experienced
Design,Art Production Manager,Manager
Design,Creative Lead,Manager
Design,Senior Design Manager,Manager
Design,Visual Identity Manager,Manager
Design,Design Operations Manager,Manager
Design,Experience Design Lead,Manager
Design,Experience Design Manager,Manager
Design,Senior Design Manager,Manager
Design,Art Director,Director
Design,Creative Director,Director
Design,Associate Creative Director,Director
Design,Executive Creative Director,Director
Design,Director of Product Design,Director
Design,Group Creative Director,Director
Design,Global Creative Director,Director
Design,Director of Creative Operations,Director
Design,Director,Director
Design,Senior Director,Director
Design,Creative Executive,Executive
Design,Vice President of Creative,Executive
Design,Design Executive,Executive
Design,Senior VP of Creative,Executive
Design,Senior VP Design Innovation,Executive
Design,President,Executive
Design,Vice President,Executive
Design,Senior Vice President,Executive
Design,Chief Creative Officer,Chief
Design,Chief Design Officer,Chief
Design,Head of Creative,Chief
Design,Head of Design,Chief
Design,Creative Group Head,Chief
Design,Head of UX Design,Chief
Design,Head of Design and User Experience,Chief
Design,Head of Design Research,Chief
Human Resources,Assistant,Entry
Human Resources,Intern,Entry
Human Resources,Trainee,Entry
Human Resources,Administrative Assistant,Entry
Human Resources,Recruiter,Experienced
Human Resources,HR Generalist,Experienced
Human Resources,HR Specialist,Experienced
Human Resources,Benefits Analyst,Experienced
Human Resources,HRIS Analyst,Experienced
Human Resources,HR Business Partner,Experienced
Human Resources,Consultant,Experienced
Human Resources,Coordinator,Experienced
Human Resources,Senior Manpower and Compliance Specialist,Experienced
Human Resources,Payroll Manager,Manager
Human Resources,Benefits Manager,Manager
Human Resources,HRIS Manager,Manager
Human Resources,Workers Comp Manager,Manager
Human Resources,HR Manager,Manager
Human Resources,Employment Manager,Manager
Human Resources,Employee Relations Manager,Manager
Human Resources,DEI Manager,Manager
Human Resources,Director of HR,Director
Human Resources,Compensation Director,Director
Human Resources,Payroll Director,Director
Human Resources,Director of People Analytics,Director
Human Resources,Employer Brand Director,Director
Human Resources,Director of Workforce Analytics,Director
Human Resources,Director of Talent Management,Director
Human Resources,DEI Director,Director
Human Resources,Director,Director
Human Resources,Senior Director,Director
Human Resources,Vice President,Executive
Human Resources,Senior Vice President,Executive
Human Resources,President,Executive
Human Resources,VP of Talent Acquisition,Executive
Human Resources,SVP of Talent Acquisition,Executive
Human Resources,VP of Talent Management,Executive
Human Resources,SVP of Talent Management,Executive
Human Resources,President,Executive
Human Resources,Chief Human Resource Officer,Chief
Human Resources,Chief People Officer,Chief
Human Resources,Chief Human Capital Officer,Chief
Human Resources,Chief People and Change Management Officer,Chief
Human Resources,Head of HR Compliance,Chief
Human Resources,Chief DEI Officer,Chief
Customer Service,Assistant,Entry
Customer Service,Intern,Entry
Customer Service,Trainee,Entry
Customer Service,Administrative Assistant,Entry
Customer Service,Jr Call Center Analyst,Entry
Customer Service,Jr Call Center Operator,Entry
Customer Service,Representative,Experienced
Customer Service,Call Center Reprasentative,Experienced
Customer Service,Implementation Specialist,Experienced
Customer Service,Agent,Experienced
Customer Service,Consultant,Experienced
Customer Service,Customer Care Representative,Experienced
Customer Service,Support Specialist,Experienced
Customer Service,Customer Advocate,Experienced
Customer Service,Account Representative,Experienced
Customer Service,Client Service Specialist,Experienced
Customer Service,Associate,Experienced
Customer Service,Customer Happiness Agent,Experienced
Customer Service,Customer Success Architect,Experienced
Customer Service,Customer Experience Agent,Experienced
Customer Service,Customer Success Specialist,Experienced
Customer Service,Guest Services Coordinator,Experienced
Customer Service,Remote Chat Agent,Experienced
Customer Service,Customer Care Advocate,Experienced
Customer Service,Live Chat Agent,Experienced
Customer Service,Online Chat Agent,Experienced
Customer Service,Call Center CSR,Experienced
Customer Service,Manager,Manager
Customer Service,Call Center Supervisor,Manager
Customer Service,Implementation Manager,Manager
Customer Service,Relationship Manager,Manager
Customer Service,Client Service Manager,Manager
Customer Service,Customer Experience Manager,Manager
Customer Service,Manager of Customer Success,Manager
Customer Service,Customer Service Supervisor,Manager
Customer Service,Guest Services Manager,Manager
Customer Service,Client Care Manager,Manager
Customer Service,Partner Support Manager,Manager
Customer Service,Services Account Manager,Manager
Customer Service,Customer Delight Manager,Manager
Customer Service,Director,Director
Customer Service,Senior Director,Director
Customer Service,Director of Client Services,Director
Customer Service,Director of Implementation,Director
Customer Service,Voice of the Customer,Director
Customer Service,Customer Experience Director,Director
Customer Service,Member Services Director,Director
Customer Service,Director of Guest Services,Director
Customer Service,Senior Director Customer First,Director
Customer Service,Executive,Executive
Customer Service,VP of Customer Experience,Executive
Customer Service,VP of Client Services,Executive
Customer Service,SVP Global Customer Service,Executive
Customer Service,Customer Operations Executive,Executive
Customer Service,SVP Client Management,Executive
Customer Service,Customer Solutions Executive,Executive
Customer Service,Chief Experience Officer,Chief
Customer Service,Chief Client Officer,Chief
Customer Service,Chief Customer Service Officer,Chief
Customer Service,Chief Customer Officer,Chief
Customer Service,Head of Customer First,Chief
Customer Service,Head of Global Customer Service,Chief
Customer Service,Head of Customer Success,Chief
Product Management,Assistant,Entry
Product Management,Jr Product Manager,Entry
Product Management,Intern,Entry
Product Management,Jr Product Designer,Entry
Product Management,Product Design Intern,Entry
Product Management,Product Assistant,Entry
Product Management,Product Trainee,Entry
Product Management,Product Design Apprentice,Entry
Product Management,Product Owner,Experienced
Product Management,Product Designer,Experienced
Product Management,Product Engineer,Experienced
Product Management,Specialist,Experienced
Product Management,Analyst,Experienced
Product Management,Product Design Engineer,Experienced
Product Management,Coordinator,Experienced
Product Management,Consultant,Experienced
Product Management,Representative,Experienced
Product Management,Senior Product Designer,Experienced
Product Management,Product Development Coordinator,Experienced
Product Management,Product Development Technician,Experienced
Product Management,Product Strategist,Experienced
Product Management,Product Technician,Experienced
Product Management,Product Generalist,Experienced
Product Management,Product Design Lead,Manager
Product Management,Product Lead,Manager
Product Management,Product Management Lead,Manager
Product Management,Product Manager,Manager
Product Management,Associate Product Manager,Manager
Product Management,Senior Product Manager,Manager
Product Management,Product Development Manager,Manager
Product Management,Group Product Manager,Manager
Product Management,Product Design Manager,Manager
Product Management,Lead Product Manager,Manager
Product Management,Senior Product Development Manager,Manager
Product Management,Product Operations Manager,Manager
Product Management,Manager,Manager
Product Management,Director,Director
Product Management,Product Director,Director
Product Management,Senior Director,Director
Product Management,Product Design Director,Director
Product Management,Product Management Director,Director
Product Management,Director of Product Development,Director
Product Management,Senior Director of Product Design,Director
Product Management,Product Design and Development Director,Director
Product Management,Vice President,Executive
Product Management,Senior Vice President,Executive
Product Management,President,Executive
Product Management,Vice President of Product Development,Executive
Product Management,Vice President of Product Design,Executive
Product Management,Chief Product Officer,Chief
Product Management,Head of Product,Chief
Product Management,Head of Product Management,Chief
Product Management,Head of Product Design,Chief
Product Management,Head of Product Development,Chief
Warehouse,Order Selector,Entry
Warehouse,Assistant,Entry
Warehouse,Worker,Entry
Warehouse,Picker,Entry
Warehouse,Inventory Counter,Entry
Warehouse,Trainee,Entry
Warehouse,Machine Operator,Experienced
Warehouse,Forklift Operator,Experienced
Warehouse,Associate,Experienced
Warehouse,Material Handler,Experienced
Warehouse,Logistics Coordinator,Experienced
Warehouse,Production Worker,Experienced
Warehouse,Logistician,Experienced
Warehouse,Truck Loader,Experienced
Warehouse,Selector,Experienced
Warehouse,Driver,Experienced
Warehouse,Supervisor,Manager
Warehouse,Manager,Manager
Warehouse,Production Manager,Manager
Warehouse,Distribution Manager,Manager
Warehouse,Quality Assurance Manager,Manager
Warehouse,Production Lead,Manager
Warehouse,Logistics Director,Director
Warehouse,Director,Director
Warehouse,Senior Director,Director
Warehouse,Director of Warehouse Operations,Director
Warehouse,Vice President,Executive
Warehouse,Senior Vice President,Executive
Warehouse,President,Executive
Warehouse,Warehouse Operations Executive,Executive
Warehouse,Chief Logistics Officer,Chief
Warehouse,Head of Warehouse Operations,Chief
Warehouse,Chief Operations Officer,Chief
Diversity,Assistant,Entry
Diversity,Intern,Entry
Diversity,Coordinator,Experienced
Diversity,Consultant,Experienced
Diversity,Trainer,Experienced
Diversity,Business Partner,Experienced
Diversity,Inclusion Specialist,Experienced
Diversity,Equality and Diversity Advisor,Experienced
Diversity,Analyst,Experienced
Diversity,Diversity Event Producer,Experienced
Diversity,Talent Advisor,Experienced
Diversity,Specialist,Experienced
Diversity,Senior Technical Recruiter,Experienced
Diversity,Associate,Experienced
Diversity,"Equity, Division and Inclusion Steward",Experienced
Diversity,Diversity and Inclusion Advocate,Experienced
Diversity,National Inclusion and Diversity Coordinator,Manager
Diversity,Manager,Manager
Diversity,Culture Manager,Manager
Diversity,Employment Equity Manager,Manager
Diversity,Program Manager,Manager
Diversity,Supplier Diversity Manager,Manager
Diversity,Diversity Recruiting Partnerships Manager,Manager
Diversity,Equality Manager,Manager
Diversity,Director,Director
Diversity,Senior Director,Director
Diversity,Director of Culture,Director
Diversity,Director of Supplier Diversity,Director
Diversity,Diversity and Inclusion Leader,Director
Diversity,Vice President,Executive
Diversity,Senior Vice President,Executive
Diversity,President,Executive
Diversity,Vice President of Culture,Executive
Diversity,Chief Diversity Officer,Chief
Diversity,Chief Diversity and Inclusion Officer,Chief
Diversity,Chief Equality Officer,Chief
Diversity,Head of Global Diversity and Belonging,Chief
Diversity,Chief Diversity and Social Responsibility Officer,Chief
Diversity,Chief Culture Officer,Chief
Operations,Trainee,Entry
Operations,Intern,Entry
Operations,Administrative Assistant,Entry
Operations,Entry Level Operations Project Manager,Entry
Operations,Business Operations Intern,Entry
Operations,Strategy and Operations Intern,Entry
Operations,Entry Level Operations Analyst,Entry
Operations,Assistant,Entry
Operations,Coordinator,Experienced
Operations,Consultant,Experienced
Operations,Analyst,Experienced
Operations,Specialist,Experienced
Operations,Associate,Experienced
Operations,Engineer,Experienced
Operations,Continuous Improvement Consultant,Experienced
Operations,Senior Process Engineer,Experienced
Operations,Ligistician,Experienced
Operations,Operations Geologist,Experienced
Operations,Operations Tech,Experienced
Operations,Manager,Manager
Operations,Senior Manager,Manager
Operations,Manager of Operations,Manager
Operations,Supervisor,Manager
Operations,Office Operations Manager,Manager
Operations,General Manager of Operations,Manager
Operations,Account Operations Manager,Manager
Operations,Senior Manager Business Operations,Manager
Operations,Director,Director
Operations,Senior Director,Director
Operations,Operations Management Lead,Director
Operations,Director of International Operations,Director
Operations,Assistant Director,Director
Operations,Strategy and Operations Leader,Director
Operations,Vice President,Executive
Operations,Senior Vice President,Executive
Operations,President,Executive
Operations,VP Commerce Business and Operations,Executive
Operations,Operations Management Executive,Executive
Operations,EVP Strategic Business Operations,Executive
Operations,SVP Growth and Operations,Executive
Operations,Head of Operations,Executive
Operations,Head of People and Operations,Executive
Operations,Head of Business Operations,Executive
Operations,Chief Operating Officer,Chief
Operations,Chief Technology and Operations Officer,Chief
Operations,Co-Founder,Chief
Operations,Founder,Chief
Operations,Owner,Chief
Administrative,Junior Administrative Assistant,Entry
Administrative,Intern,Entry
Administrative,Aide,Entry
Administrative,File Clerk,Entry
Administrative,Trainee,Entry
Administrative,Entry-Level Administrative Assistant,Entry
Administrative,Data Entry Clerk,Entry
Administrative,Coordinator,Experienced
Administrative,Front Desk Agent,Experienced
Administrative,Specialist,Experienced
Administrative,Secretary,Experienced
Administrative,Analyst,Experienced
Administrative,Assistant,Experienced
Administrative,Admin Specialist,Experienced
Administrative,Business Partner,Experienced
Administrative,Master Scheduler,Experienced
Administrative,Executive Business Partner,Experienced
Administrative,Office Manager,Experienced
Administrative,Front Desk Administrative Assistant,Experienced
Administrative,Solution Coordinator,Experienced
Administrative,Professional Typist,Experienced
Administrative,Documentation Specialist,Experienced
Administrative,Virtual Assistant,Experienced
Administrative,Executive Assistant,Experienced
Administrative,Receptionist,Experienced
Administrative,Personal Assistant,Experienced
Administrative,Manager,Manager
Administrative,Senior Manager,Manager
Administrative,Administrative Services Manager,Manager
Administrative,Business Support Manager,Manager
Administrative,Administrative Support Manager,Manager
Administrative,Front Desk Supervisor,Manager
Administrative,Administrative Support Supervisor,Manager
Administrative,Director,Director
Administrative,Senior Director,Director
Administrative,Lead Administrative Coordinator,Director
Administrative,Administrative Services Lead,Director
Administrative,Vice President,Executive
Administrative,Senior Vice President,Executive
Administrative,Chief Administrative Officer,Chief
Administrative,Head of Administration,Chief
Administrative,Chief of Staff,Chief
Administrative,Chief Legal and Administrative Officer,Chief
Administrative,Chief Business Officer,Chief
Facilities,Assistant,Entry
Facilities,Intern,Entry
Facilities,Trainee,Entry
Facilities,Workplace Ergonomics Intern,Entry
Facilities,Junior Facilities Planner,Entry
Facilities,Entry Level Facilities Engineer,Entry
Facilities,Consultant,Experienced
Facilities,Coordinator,Experienced
Facilities,Engineer,Experienced
Facilities,Space Planner,Experienced
Facilities,Move Coordinator,Experienced
Facilities,Safety and Occupational Health Specialist,Experienced
Facilities,Specialist,Experienced
Facilities,Business Continuity Planner,Experienced
Facilities,Facilities Maintenance Technician,Experienced
Facilities,Facilities Management Administrator,Experienced
Facilities,Safety and Security Officer,Experienced
Facilities,Workplace Wellness Coordinator,Experienced
Facilities,Senior Space Planner,Experienced
Facilities,Business Continuity Analyst,Experienced
Facilities,Workplace Safety Officer,Experienced
Facilities,Global Corporate Properties Coordinator,Experienced
Facilities,Health and Safety Specialist,Experienced
Facilities,Occupancy and Space Planner,Experienced
Facilities,Senior Workplace Coordinator,Experienced
Facilities,Strategic Site Planner,Experienced
Facilities,Workplace Coordinator,Experienced
Facilities,Workplace Planning Associate,Experienced
Facilities,Workplace Specialist,Experienced
Facilities,Manager,Manager
Facilities,Senior Manager,Manager
Facilities,Building Manager,Manager
Facilities,Facilities Maintenance Manager,Manager
Facilities,Office Services Manager,Manager
Facilities,Corporate Facilities Manager,Manager
Facilities,Supervisor,Manager
Facilities,Health and Safety Manager,Manager
Facilities,Workplace Manager,Manager
Facilities,Business Continuity Manager,Manager
Facilities,Global Workplace Manager,Manager
Facilities,Regional Facilities Manager,Manager
Facilities,Security and Safety Manager,Manager
Facilities,Senior Facilities Manager,Manager
Facilities,Site Services Manager,Manager
Facilities,Space Planning Manager,Manager
Facilities,Director,Director
Facilities,Senior Director,Director
Facilities,Director of Maintenance,Director
Facilities,Director Safety and Security,Director
Facilities,Facilities Director,Director
Facilities,Safety and Security Director,Director
Facilities,Space Planning and Logistics Leader,Director
Facilities,Director Global Facilities Operations,Director
Facilities,Workplace Director,Director
Facilities,Vice President,Executive
Facilities,Senior Vice President,Executive
Facilities,Facilities Management Executive,Executive
Facilities,Facility Executive,Executive
Facilities,Vice President Global Facilities,Executive
Facilities,Vice President of Global Workplace and Real Estate,Executive
Facilities,VP of Global Workplace,Executive
Facilities,Chief Facilities Officer,Chief
Facilities,Chief Safety Officer,Chief
Facilities,Chief Facilities Management Officer,Chief
Facilities,Global Head of Workplace Design,Chief
Facilities,Head of Business Continuity,Chief
Facilities,Head of Facilities,Chief
Facilities,Head of Global Workplace and Real Estate,Chief
Facilities,Head of Workplace,Chief
Facilities,Chief of Facilities,Chief
Facilities,Chief of Facilities Operations,Chief
Facilities,Head of Facilities Services,Chief
Facilities,Head of Real Estate and Facilities,Chief
Legal,Secretary,Entry
Legal,Entry Level Legal Assistant,Entry
Legal,Clerk,Entry
Legal,Receptionist,Entry
Legal,Entry Level Patent Agent,Entry
Legal,Intern,Entry
Legal,File Clerk,Entry
Legal,Litigation Assistnt,Entry
Legal,Trainee,Entry
Legal,Legal Document Coder,Entry
Legal,Entry Level Legal Associate,Entry
Legal,Junior Legal Council,Entry
Legal,Assistant,Experienced
Legal,Compliance Officer,Experienced
Legal,Patent Agent,Experienced
Legal,Contract Administrator,Experienced
Legal,Aide,Experienced
Legal,Compliance Specialist,Experienced
Legal,Analyst,Experienced
Legal,Consultant,Experienced
Legal,Contract Analyst,Experienced
Legal,Legal Writer,Experienced
Legal,IP Attorney,Experienced
Legal,Conflicts Analyst,Experienced
Legal,Recruiter,Experienced
Legal,Associate,Experienced
Legal,Case Manager,Experienced
Legal,Data Protection Officer,Experienced
Legal,Compliance Analyst,Experienced
Legal,Strategist,Experienced
Legal,Manager,Manager
Legal,Senior Manager,Manager
Legal,Compliance Manager,Manager
Legal,Regulatory Compliance Manager,Manager
Legal,Contract Compliance Manager,Manager
Legal,Associate General Council,Director
Legal,Assistant General Council,Director
Legal,Regulatory Affairs Director,Director
Legal,Director,Director
Legal,Senior Director,Director
Legal,Legal Services Director,Director
Legal,Vice President,Executive
Legal,Senior Vice President,Executive
Legal,General Counsel,Executive
Legal,Counsel,Executive
Legal,Corporate Counsel,Executive
Legal,Inhouse Counsel,Executive
Legal,Compliance Counsel,Executive
Legal,Patent Counsel,Executive
Legal,Intellectual Property Counsel,Executive
Legal,IP Counsel,Executive
Legal,Deputy General Counsel,Executive
Legal,Legal Executive,Executive
Legal,VP of Legal Affairs,Executive
Legal,Senior Legal Counsel,Executive
Legal,Technology Counsel,Executive
Legal,Partner,Executive
Legal,Vice President of Compliance,Executive
Legal,SVP General Counsel,Executive
Legal,Vice President Head of Privacy,Executive
Legal,VP and Deputy General Counsel,Executive
Legal,Chief Compliance Officer,Chief
Legal,Chief Legal Officer,Chief
Legal,Chief IP Counsel,Chief
Legal,Head of Compliance,Chief
Legal,Head of Legal,Chief
Legal,Head of Legal and Compliance,Chief
Legal,Head of Global Litigation,Chief
Legal,Chief of Legal Affairs,Chief
Legal,Chief Legal and Trust Officer,Chief
Accounting,Assistant,Entry
Accounting,Junior Accountant,Entry
Accounting,File Clerk,Entry
Accounting,Intern,Entry
Accounting,Trainee,Entry
Accounting,Financial Analyst,Experienced
Accounting,Financial Accountant,Experienced
Accounting,Tax Accountant,Experienced
Accounting,Specialist,Experienced
Accounting,Analyst,Experienced
Accounting,Staff Accountant,Experienced
Accounting,Bookkeeper,Experienced
Accounting,Consultant,Experienced
Accounting,Supervisor,Manager
Accounting,Maanger,Manager
Accounting,Senior Manager,Manager
Accounting,Audit Manager,Manager
Accounting,AP Manager,Manager
Accounting,AR Manager,Manager
Accounting,Controller,Director
Accounting,Comptroller,Director
Accounting,Financial Controller,Director
Accounting,Director,Director
Accounting,Senior Director,Director
Accounting,Vice President,Executive
Accounting,Senior Vice President,Executive
Accounting,Vice President of Finance,Executive
Accounting,Chief Accounting Officer,Chief
Accounting,Chief Financial Officer,Chief
Finance,Assistant,Entry
Finance,Junior Financial Analyst,Entry
Finance,Clerk,Entry
Finance,Finance Clerk,Entry
Finance,Intern,Entry
Finance,Analyst,Experienced
Finance,Credit Analyst,Experienced
Finance,Economist,Experienced
Finance,Budget Analyst,Experienced
Finance,Purchasing Agent,Experienced
Finance,Risk Analyst,Experienced
Finance,Consultant,Experienced
Finance,Manager,Manager
Finance,Senior Manager,Manager
Finance,Purchasing Manager,Manager
Finance,Risk Manager,Manager
Finance,Payroll Manager,Manager
Finance,Director,Director
Finance,Senior Director,Director
Finance,Procurement Director,Director
Finance,Director of Risk Management,Director
Finance,Payroll Director,Director
Finance,Vice President,Executive
Finance,Senior Vice President,Executive
Finance,VP of Procurement,Executive
Finance,VP of Corporate Development,Executive
Finance,VP of Payroll,Executive
Finance,Chief Financial Officer,Chief
Payroll,Assistant,Entry
Payroll,Junior Accountant,Entry
Payroll,File Clerk,Entry
Payroll,Intern,Entry
Payroll,Trainee,Entry
Payroll,Analyst,Experienced
Payroll,Accountant,Experienced
Payroll,Tax Accountant,Experienced
Payroll,Specialist,Experienced
Payroll,Staff Accountant,Experienced
Payroll,Bookkeeper,Experienced
Payroll,Consultant,Experienced
Payroll,Supervisor,Manager
Payroll,Manager,Manager
Payroll,Senior Manager,Manager
Payroll,Audit Manager,Manager
Payroll,Controller,Director
Payroll,Comptroller,Director
Payroll,Accounting Controller,Director
Payroll,Director,Director
Payroll,Senior Director,Director
Payroll,Vice President,Executive
Payroll,Senior Vice President,Executive
Payroll,Chief Accounting Officer,Chief
Payroll,Chief Financial Officer,Chief
Sales,Intern,Entry
Sales,Analyst,Entry
Sales,Trainee,Entry
Sales,Assistant,Entry
Sales,Representative,Experienced
Sales,Specialist,Experienced
Sales,Account Representative,Experienced
Sales,Associate,Experienced
Sales,Consultant,Experienced
Sales,Manager,Manager
Sales,Senior Manager,Manager
Sales,Account Manager,Manager
Sales,Area Sales Manager,Manager
Sales,Director,Director
Sales,Senior Director,Director
Sales,Director of Inside Sales,Director
Sales,Director of National Sales,Director
Sales,Account Executive,Executive
Sales,Vice President,Executive
Sales,Senior Vice President,Executive
Sales,Vice President of International Sales,Executive
Sales,Vice President of Sales Operations,Executive
Sales,Chief Revenue Officer,Chief
Information Technology,Intern,Entry
Information Technology,Trainee,Entry
Information Technology,Assistant,Entry
Information Technology,Analyst,Entry
Information Technology,Help Desk Analyst,Entry
Information Technology,SOC Analyst,Entry
Information Technology,Data Analyst,Experienced
Information Technology,Data Scientist,Experienced
Information Technology,Systems Administrator,Experienced
Information Technology,Computer Technician,Experienced
Information Technology,WA Tester,Experienced
Information Technology,Network Administrator,Experienced
Information Technology,Database Administrator,Experienced
Information Technology,Desktop Support,Experienced
Information Technology,Solution Architect,Experienced
Information Technology,Network Architect,Experienced
Information Technology,Network Engineer,Experienced
Information Technology,Cloud Architect,Experienced
Information Technology,Specialist,Experienced
Information Technology,Cloud Engineer,Experienced
Information Technology,Security Engineer,Experienced
Information Technology,Lead Security Engineer,Experienced
Information Technology,Cyber Security Engineer,Experienced
Information Technology,Penetration Tester,Experienced
Information Technology,Cyber Security Technician,Experienced
Information Technology,Data Security Analyst,Experienced
Information Technology,Cryptographer,Experienced
Information Technology,Consultant,Experienced
Information Technology,Manager,Manager
Information Technology,Senior Manager,Manager
Information Technology,Helpdesk Manager,Manager
Information Technology,Helpdesk Supervisor,Manager
Information Technology,Supervisor,Manager
Information Technology,Network Manager,Manager
Information Technology,Manager,Manager
Information Technology,Senior Manager,Manager
Information Technology,Director,Director
Information Technology,Senior Director,Director
Information Technology,Director of Ethical Hacking,Director
Information Technology,Vice President,Executive
Information Technology,Senior Vice President,Executive
Information Technology,Executive,Executive
Information Technology,Chief Technology Officer,Chief
Information Technology,Chief Information Officer,Chief
Information Technology,Chief Executive Officer,Chief
Information Technology,Chief Information Security Officer,Chief
Information Technology,Chief Security Officer,Chief
Software Development,Intern,Entry
Software Development,Entry-Level Coordinator,Entry
Software Development,Trainee,Entry
Software Development,Entry-Level Software Developer,Entry
Software Development,Web Developer,Experienced
Software Development,Developer,Experienced
Software Development,Software Engineer,Experienced
Software Development,Solutions Architect,Experienced
Software Development,Front End Developer,Experienced
Software Development,SQL Developer,Experienced
Software Development,Salesforce Developer,Experienced
Software Development,Game Developer,Experienced
Software Development,Programmer,Experienced
Software Development,Data Engineer,Experienced
Software Development,Application Security Engineer,Experienced
Software Development,Consultant,Experienced
Software Development,Back-End Developer,Experienced
Software Development,Full-Stack Developer,Experienced
Software Development,Software Ninjaneer,Experienced
Software Development,Manager,Manager
Software Development,Senior Manager,Manager
Software Development,Engineering Project Management,Manager
Software Development,Director,Director
Software Development,Senior Director,Director
Software Development,Vice President,Executive
Software Development,Senior Vice President,Executive
Software Development,Chief Technology Officer,Chief
Software Development,Chief Information Officer,Chief
Software Development,Chief Executive Officer,Chief
