State full,County,City
Stockholms län,Upplands Väsby,Löwenströmska lasarettet
Stockholms län,Vallentuna,Brottby
Stockholms län,Vallentuna,Ekskogen
Stockholms län,Vallentuna,Johannesudd
Stockholms län,Vallentuna,Karby
Stockholms län,Vallentuna,Kårsta
Stockholms län,Vallentuna,Lindholmen
Stockholms län,Vallentuna,Vallentuna
Stockholms län,Österåker,Bammarboda
Stockholms län,Österåker,Rydbo
Stockholms län,Österåker,Solberga
Stockholms län,Österåker,Spånlöt
Stockholms län,Österåker,Stava
Stockholms län,Österåker,Svinninge
Stockholms län,Österåker,Täljö
Stockholms län,Österåker,Åkersberga
Stockholms län,Värmdö,Betsede
Stockholms län,Värmdö,Brunn
Stockholms län,Värmdö,Djurö
Stockholms län,Värmdö,Fågelvikshöjden
Stockholms län,Värmdö,Gustavsberg
Stockholms län,Värmdö,Kopparmora
Stockholms län,Värmdö,Långvik
Stockholms län,Värmdö,Norra Lagnö
Stockholms län,Värmdö,Norra Vindö
Stockholms län,Värmdö,Stavsnäs
Stockholms län,Värmdö,Strömma
Stockholms län,Värmdö,Älvsala
Stockholms län,Värmdö,Ängsvik
Stockholms län,Ekerö,Drottningholm
Stockholms län,Ekerö,Ekeby
Stockholms län,Ekerö,Ekerö
Stockholms län,Ekerö,Ekerö sommarstad
Stockholms län,Ekerö,Helgö
Stockholms län,Ekerö,Hilleshögby
Stockholms län,Ekerö,Jungfrusund
Stockholms län,Ekerö,Kungsberga
Stockholms län,Ekerö,Lilla Stenby
Stockholms län,Ekerö,Lurudden
Stockholms län,Ekerö,Stenhamra
Stockholms län,Ekerö,Sundby
Stockholms län,Ekerö,Söderby
Stockholms län,Ekerö,Tureholm
Stockholms län,Ekerö,Älvnäs
Stockholms län,Ekerö,Ölsta
Stockholms län,Huddinge,Gladö kvarn
Stockholms län,Huddinge,Vidja
Stockholms län,Botkyrka,Kagghamra
Stockholms län,Botkyrka,Norra Riksten
Stockholms län,Botkyrka,Sibble
Stockholms län,Botkyrka,Tumba
Stockholms län,Botkyrka,Vårsta
Stockholms län,Haninge,Dalarö
Stockholms län,Haninge,Jordbro
Stockholms län,Haninge,Muskö
Stockholms län,Haninge,Norra Muskö
Stockholms län,Haninge,Väländan
Stockholms län,Haninge,Västerhaninge
Stockholms län,Haninge,Årsta Havsbad
Stockholms län,Upplands-Bro,Bro
Stockholms län,Upplands-Bro,Brunna
Stockholms län,Upplands-Bro,Håbo-Tibble kyrkby
Stockholms län,Upplands-Bro,Kungsängen
Stockholms län,Upplands-Bro,Kvista
Stockholms län,Upplands-Bro,Rättarboda
Stockholms län,Nykvarn,Finkarby
Stockholms län,Nykvarn,Nygårds hagar
Stockholms län,Nykvarn,Nykvarn
Stockholms län,Nykvarn,Stensättra tomtområde
Stockholms län,Täby,Arninge
Stockholms län,Danderyd,Tranholmen
Stockholms län,Stockholm,Stockholm
Stockholms län,Södertälje,Ekeby
Stockholms län,Södertälje,Hölö
Stockholms län,Södertälje,Järna
Stockholms län,Södertälje,Kallfors
Stockholms län,Södertälje,Mölnbo
Stockholms län,Södertälje,Nibble
Stockholms län,Södertälje,Pershagen
Stockholms län,Södertälje,Sandviken
Stockholms län,Södertälje,Södertälje
Stockholms län,Södertälje,Tuna
Stockholms län,Södertälje,Vattubrinken
Stockholms län,Nacka,Fisksätra
Stockholms län,Nacka,Hästhagen
Stockholms län,Nacka,Kil
Stockholms län,Nacka,Kummelnäs
Stockholms län,Nacka,Saltsjöbaden
Stockholms län,Nacka,Älgö
Stockholms län,Lidingö,Lidingö
Stockholms län,Lidingö,Sticklinge udde
Stockholms län,Lidingö,Storholmen
Stockholms län,Vaxholm,Kullö
Stockholms län,Vaxholm,Resarö
Stockholms län,Vaxholm,Rindö
Stockholms län,Vaxholm,Skarpö
Stockholms län,Vaxholm,Tynningö
Stockholms län,Vaxholm,Vaxholm
Stockholms län,Norrtälje,Bergshamra
Stockholms län,Norrtälje,Blidö
Stockholms län,Norrtälje,Edsbro
Stockholms län,Norrtälje,Finsta
Stockholms län,Norrtälje,Grisslehamn
Stockholms län,Norrtälje,Hallstavik
Stockholms län,Norrtälje,Herräng
Stockholms län,Norrtälje,Hysingsvik
Stockholms län,Norrtälje,Malsta
Stockholms län,Norrtälje,Norrtälje
Stockholms län,Norrtälje,Nysättra
Stockholms län,Norrtälje,Oxhalsö
Stockholms län,Norrtälje,Riala
Stockholms län,Norrtälje,Rimbo
Stockholms län,Norrtälje,Rånäs
Stockholms län,Norrtälje,Skebobruk
Stockholms län,Norrtälje,Spillersboda
Stockholms län,Norrtälje,Svanberga
Stockholms län,Norrtälje,Söderby-Karl
Stockholms län,Norrtälje,Södersvik
Stockholms län,Norrtälje,Älmsta
Stockholms län,Sigtuna,Granby
Stockholms län,Sigtuna,Märsta
Stockholms län,Sigtuna,Rosersberg
Stockholms län,Sigtuna,Sigtuna
Stockholms län,Sigtuna,Steningehöjden
Stockholms län,Sigtuna,Venngarn
Stockholms län,Nynäshamn,Grödby
Stockholms län,Nynäshamn,Landfjärden
Stockholms län,Nynäshamn,Nynäshamn
Stockholms län,Nynäshamn,Segersäng
Stockholms län,Nynäshamn,Sorunda
Stockholms län,Nynäshamn,Stora Vika
Stockholms län,Nynäshamn,Ösmo
Uppsala län,Håbo,Bålsta
Uppsala län,Håbo,Kivinge
Uppsala län,Håbo,Krägga
Uppsala län,Håbo,Råby
Uppsala län,Håbo,Slottsskogen
Uppsala län,Håbo,Söderskogen
Uppsala län,Håbo,Vibyäng
Uppsala län,Älvkarleby,Gårdskär
Uppsala län,Älvkarleby,Marma
Uppsala län,Älvkarleby,Skutskär
Uppsala län,Älvkarleby,Älvkarleby
Uppsala län,Älvkarleby,Älvkarleö
Uppsala län,Knivsta,Alsike
Uppsala län,Knivsta,Edeby
Uppsala län,Knivsta,Knivsta
Uppsala län,Heby,Harbo
Uppsala län,Heby,Heby
Uppsala län,Heby,Morgongåva
Uppsala län,Heby,Tärnsjö
Uppsala län,Heby,Vittinge
Uppsala län,Heby,Östervåla
Uppsala län,Tierp,Karlholmsbruk
Uppsala län,Tierp,Mehedeby
Uppsala län,Tierp,Månkarbo
Uppsala län,Tierp,Skärplinge
Uppsala län,Tierp,Söderfors
Uppsala län,Tierp,Tierp
Uppsala län,Tierp,Tobo
Uppsala län,Tierp,Upplanda
Uppsala län,Tierp,Örbyhus
Uppsala län,Uppsala,Almunge
Uppsala län,Uppsala,Björklinge
Uppsala län,Uppsala,Blackstalund
Uppsala län,Uppsala,Bälinge
Uppsala län,Uppsala,Bärby
Uppsala län,Uppsala,Danmark
Uppsala län,Uppsala,Funbo
Uppsala län,Uppsala,Gunsta
Uppsala län,Uppsala,Gåvsta
Uppsala län,Uppsala,Håga
Uppsala län,Uppsala,Jälla
Uppsala län,Uppsala,Järlåsa
Uppsala län,Uppsala,Knutby
Uppsala län,Uppsala,Läby
Uppsala län,Uppsala,Länna
Uppsala län,Uppsala,Lövstalöt
Uppsala län,Uppsala,Ramstalund
Uppsala län,Uppsala,Skyttorp
Uppsala län,Uppsala,Skölsta
Uppsala län,Uppsala,Stenbron
Uppsala län,Uppsala,Storvreta
Uppsala län,Uppsala,Sävja
Uppsala län,Uppsala,Ultuna
Uppsala län,Uppsala,Uppsala
Uppsala län,Uppsala,Vattholma
Uppsala län,Uppsala,Vrångelsta
Uppsala län,Uppsala,Vänge
Uppsala län,Enköping,Bredsand
Uppsala län,Enköping,Enköping
Uppsala län,Enköping,Fjärdhundra
Uppsala län,Enköping,Grillby
Uppsala län,Enköping,Haga
Uppsala län,Enköping,Hummelsta
Uppsala län,Enköping,Lillkyrka
Uppsala län,Enköping,Märsön
Uppsala län,Enköping,Örsundsbro
Uppsala län,Enköping,Örsundsbro norra
Uppsala län,Östhammar,Alunda
Uppsala län,Östhammar,Dannemora
Uppsala län,Östhammar,Gimo
Uppsala län,Östhammar,Hargshamn
Uppsala län,Östhammar,Skoby
Uppsala län,Östhammar,Öregrund
Uppsala län,Östhammar,Österbybruk
Uppsala län,Östhammar,Östhammar
Södermanlands län,Vingåker,Baggetorp
Södermanlands län,Vingåker,Högsjö
Södermanlands län,Vingåker,Läppe
Södermanlands län,Vingåker,Marmorbyn
Södermanlands län,Vingåker,Vingåker
Södermanlands län,Gnesta,Björnlunda
Södermanlands län,Gnesta,Gnesta
Södermanlands län,Gnesta,Hållsta
Södermanlands län,Gnesta,Stjärnhov
Södermanlands län,Nyköping,Arnö
Södermanlands län,Nyköping,Bergshammar
Södermanlands län,Nyköping,Buskhyttan
Södermanlands län,Nyköping,Enstaberga
Södermanlands län,Nyköping,Jönåker
Södermanlands län,Nyköping,Kvegerö
Södermanlands län,Nyköping,Nyköping
Södermanlands län,Nyköping,Nävekvarn
Södermanlands län,Nyköping,Runtuna
Södermanlands län,Nyköping,Sjösa
Södermanlands län,Nyköping,Stavsjö
Södermanlands län,Nyköping,Stigtomta
Södermanlands län,Nyköping,Svalsta
Södermanlands län,Nyköping,Tystberga
Södermanlands län,Nyköping,Vrena
Södermanlands län,Nyköping,Ålberga
Södermanlands län,Nyköping,Örstig
Södermanlands län,Oxelösund,Inskogen
Södermanlands län,Oxelösund,Oxelösund
Södermanlands län,Flen,Bettna
Södermanlands län,Flen,Flen
Södermanlands län,Flen,Hälleforsnäs
Södermanlands län,Flen,Malmköping
Södermanlands län,Flen,Mellösa
Södermanlands län,Flen,Orrhammar
Södermanlands län,Flen,Skebokvarn
Södermanlands län,Flen,Sparreholm
Södermanlands län,Katrineholm,Bie
Södermanlands län,Katrineholm,Björkvik
Södermanlands län,Katrineholm,Forssjö
Södermanlands län,Katrineholm,Katrineholm
Södermanlands län,Katrineholm,Sköldinge
Södermanlands län,Katrineholm,Strångsjö
Södermanlands län,Katrineholm,Valla
Södermanlands län,Katrineholm,Äsköping
Södermanlands län,Eskilstuna,Alberga
Södermanlands län,Eskilstuna,Bälgviken
Södermanlands län,Eskilstuna,Eskilstuna
Södermanlands län,Eskilstuna,Hållsta
Södermanlands län,Eskilstuna,Hällberga
Södermanlands län,Eskilstuna,Hällbybrunn
Södermanlands län,Eskilstuna,Kjulaås
Södermanlands län,Eskilstuna,Skiftinge
Södermanlands län,Eskilstuna,Sundbyholm
Södermanlands län,Eskilstuna,Torshälla
Södermanlands län,Eskilstuna,Tumbo
Södermanlands län,Eskilstuna,Udden
Södermanlands län,Eskilstuna,Ärla
Södermanlands län,Strängnäs,Abborrberget
Södermanlands län,Strängnäs,Härad
Södermanlands län,Strängnäs,Kalkudden
Södermanlands län,Strängnäs,Mariefred
Södermanlands län,Strängnäs,Marielund
Södermanlands län,Strängnäs,Merlänna
Södermanlands län,Strängnäs,Stallarholmen
Södermanlands län,Strängnäs,Strängnäs
Södermanlands län,Strängnäs,Åkers styckebruk
Södermanlands län,Trosa,Sund
Södermanlands län,Trosa,Trosa
Södermanlands län,Trosa,Vagnhärad
Södermanlands län,Trosa,Västerljung
Södermanlands län,Trosa,Öbolandet
Östergötlands län,Ödeshög,Hästholmen
Östergötlands län,Ödeshög,Ödeshög
Östergötlands län,Ydre,Hestra
Östergötlands län,Ydre,Rydsnäs
Östergötlands län,Ydre,Österbymo
Östergötlands län,Kinda,Horn
Östergötlands län,Kinda,Kisa
Östergötlands län,Kinda,Rimforsa
Östergötlands län,Boxholm,Boxholm
Östergötlands län,Boxholm,Strålsnäs
Östergötlands län,Åtvidaberg,Berg
Östergötlands län,Åtvidaberg,Björsäter
Östergötlands län,Åtvidaberg,Falerum
Östergötlands län,Åtvidaberg,Grebo
Östergötlands län,Åtvidaberg,Åtvidaberg
Östergötlands län,Finspång,Borggård
Östergötlands län,Finspång,Butbro
Östergötlands län,Finspång,Falla
Östergötlands län,Finspång,Finspång
Östergötlands län,Finspång,Grytgöl
Östergötlands län,Finspång,Hällestad
Östergötlands län,Finspång,Igelfors
Östergötlands län,Finspång,Ljusfallshammar
Östergötlands län,Finspång,Lotorp
Östergötlands län,Finspång,Rejmyre
Östergötlands län,Finspång,Sonstorp
Östergötlands län,Valdemarsvik,Gryt
Östergötlands län,Valdemarsvik,Grännäs
Östergötlands län,Valdemarsvik,Gusum
Östergötlands län,Valdemarsvik,Ringarum
Östergötlands län,Valdemarsvik,Valdemarsvik
Östergötlands län,Linköping,Askeby
Östergötlands län,Linköping,Bankekind
Östergötlands län,Linköping,Bergs slussar
Östergötlands län,Linköping,Bestorp
Östergötlands län,Linköping,Brokind
Östergötlands län,Linköping,Ekängen
Östergötlands län,Linköping,Gistad
Östergötlands län,Linköping,Kränge
Östergötlands län,Linköping,Linghem
Östergötlands län,Linköping,Linköping
Östergötlands län,Linköping,Ljungsbro
Östergötlands län,Linköping,Malmslätt
Östergötlands län,Linköping,Nykil
Östergötlands län,Linköping,Rappestad
Östergötlands län,Linköping,Sjögestad
Östergötlands län,Linköping,Skeda udde
Östergötlands län,Linköping,Slaka
Östergötlands län,Linköping,Sturefors
Östergötlands län,Linköping,Tallboda
Östergötlands län,Linköping,Vikingstad
Östergötlands län,Linköping,Västerlösa
Östergötlands län,Norrköping,Djurön
Östergötlands län,Norrköping,Eksund
Östergötlands län,Norrköping,Graversfors
Östergötlands län,Norrköping,Herstadberg
Östergötlands län,Norrköping,Kimstad
Östergötlands län,Norrköping,Krokek
Östergötlands län,Norrköping,Lindö
Östergötlands län,Norrköping,Ljunga
Östergötlands län,Norrköping,Norrköping
Östergötlands län,Norrköping,Norsholm
Östergötlands län,Norrköping,Simonstorp
Östergötlands län,Norrköping,Skärblacka
Östergötlands län,Norrköping,Svärtinge
Östergötlands län,Norrköping,Vånga
Östergötlands län,Norrköping,Åby
Östergötlands län,Norrköping,Öbonäs
Östergötlands län,Norrköping,Östra Husby
Östergötlands län,Söderköping,Luddingsbo
Östergötlands län,Söderköping,Mogata
Östergötlands län,Söderköping,Snöveltorp
Östergötlands län,Söderköping,Söderköping
Östergötlands län,Söderköping,Västra Husby
Östergötlands län,Söderköping,Östra Ryd
Östergötlands län,Motala,Borensberg
Östergötlands län,Motala,Fornåsa
Östergötlands län,Motala,Fågelsta
Östergötlands län,Motala,Klockrike
Östergötlands län,Motala,Motala
Östergötlands län,Motala,Nykyrka
Östergötlands län,Motala,Tjällmo
Östergötlands län,Motala,Österstad
Östergötlands län,Vadstena,Vadstena
Östergötlands län,Mjölby,Hogstad
Östergötlands län,Mjölby,Mantorp
Östergötlands län,Mjölby,Mjölby
Östergötlands län,Mjölby,Skänninge
Östergötlands län,Mjölby,Spångsholm
Östergötlands län,Mjölby,Sya
Östergötlands län,Mjölby,Väderstad
Jönköpings län,Aneby,Aneby
Jönköpings län,Aneby,Frinnaryd
Jönköpings län,Aneby,Sundhultsbrunn
Jönköpings län,Gnosjö,Gnosjö
Jönköpings län,Gnosjö,Hillerstorp
Jönköpings län,Gnosjö,Kulltorp
Jönköpings län,Gnosjö,Nissafors
Jönköpings län,Gnosjö,Törestorp
Jönköpings län,Mullsjö,Mullsjö
Jönköpings län,Mullsjö,Sandhem
Jönköpings län,Habo,Fagerhult
Jönköpings län,Habo,Furusjö
Jönköpings län,Habo,Habo
Jönköpings län,Habo,Rödån
Jönköpings län,Gislaved,Anderstorp
Jönköpings län,Gislaved,Broaryd
Jönköpings län,Gislaved,Burseryd
Jönköpings län,Gislaved,Gislaved
Jönköpings län,Gislaved,Hestra
Jönköpings län,Gislaved,Reftele
Jönköpings län,Gislaved,Skeppshult
Jönköpings län,Gislaved,Smålandsstenar
Jönköpings län,Vaggeryd,Bondstorp
Jönköpings län,Vaggeryd,Hok
Jönköpings län,Vaggeryd,Klevshult
Jönköpings län,Vaggeryd,Skillingaryd
Jönköpings län,Vaggeryd,Vaggeryd
Jönköpings län,Jönköping,Bankeryd
Jönköpings län,Jönköping,Bottnaryd
Jönköpings län,Jönköping,Gränna
Jönköpings län,Jönköping,Jönköping
Jönköpings län,Jönköping,Kaxholmen
Jönköpings län,Jönköping,Kortebo
Jönköpings län,Jönköping,Lekeryd
Jönköpings län,Jönköping,Ryd
Jönköpings län,Jönköping,Skärstad
Jönköpings län,Jönköping,Taberg
Jönköpings län,Jönköping,Tenhult
Jönköpings län,Jönköping,Tunnerstad
Jönköpings län,Jönköping,Öggestorp
Jönköpings län,Jönköping,Ölmstad
Jönköpings län,Jönköping,Örserum
Jönköpings län,Nässjö,Anneberg
Jönköpings län,Nässjö,Bodafors
Jönköpings län,Nässjö,Flisby
Jönköpings län,Nässjö,Forserum
Jönköpings län,Nässjö,Fredriksdal
Jönköpings län,Nässjö,Grimstorp
Jönköpings län,Nässjö,Malmbäck
Jönköpings län,Nässjö,Nässjö
Jönköpings län,Nässjö,Ormaryd
Jönköpings län,Nässjö,Solberga
Jönköpings län,Nässjö,Stensjön
Jönköpings län,Nässjö,Äng
Jönköpings län,Värnamo,Bor
Jönköpings län,Värnamo,Bredaryd
Jönköpings län,Värnamo,Ekenhaga
Jönköpings län,Värnamo,Forsheda
Jönköpings län,Värnamo,Horda
Jönköpings län,Värnamo,Hånger
Jönköpings län,Värnamo,Kärda
Jönköpings län,Värnamo,Lanna
Jönköpings län,Värnamo,Rydaholm
Jönköpings län,Värnamo,Värnamo
Jönköpings län,Värnamo,Åminne
Jönköpings län,Sävsjö,Rörvik
Jönköpings län,Sävsjö,Stockaryd
Jönköpings län,Sävsjö,Sävsjö
Jönköpings län,Sävsjö,Vrigstad
Jönköpings län,Vetlanda,Björköby
Jönköpings län,Vetlanda,Ekenässjön
Jönköpings län,Vetlanda,Holsbybrunn
Jönköpings län,Vetlanda,Korsberga
Jönköpings län,Vetlanda,Kvillsfors
Jönköpings län,Vetlanda,Landsbro
Jönköpings län,Vetlanda,Myresjö
Jönköpings län,Vetlanda,Nye
Jönköpings län,Vetlanda,Pauliström
Jönköpings län,Vetlanda,Sjunnen
Jönköpings län,Vetlanda,Skede
Jönköpings län,Vetlanda,Vetlanda
Jönköpings län,Eksjö,Bruzaholm
Jönköpings län,Eksjö,Eksjö
Jönköpings län,Eksjö,Hjältevad
Jönköpings län,Eksjö,Hult
Jönköpings län,Eksjö,Ingatorp
Jönköpings län,Eksjö,Mariannelund
Jönköpings län,Tranås,Gripenberg
Jönköpings län,Tranås,Norraby
Jönköpings län,Tranås,Sommen
Jönköpings län,Tranås,Tranås
Kronobergs län,Uppvidinge,Alstermo
Kronobergs län,Uppvidinge,Lenhovda
Kronobergs län,Uppvidinge,Norrhult-Klavreström
Kronobergs län,Uppvidinge,Åseda
Kronobergs län,Uppvidinge,Älghult
Kronobergs län,Lessebo,Hovmantorp
Kronobergs län,Lessebo,Kosta
Kronobergs län,Lessebo,Lessebo
Kronobergs län,Lessebo,Skruv
Kronobergs län,Tingsryd,Konga
Kronobergs län,Tingsryd,Linneryd
Kronobergs län,Tingsryd,Ryd
Kronobergs län,Tingsryd,Rävemåla
Kronobergs län,Tingsryd,Tingsryd
Kronobergs län,Tingsryd,Urshult
Kronobergs län,Tingsryd,Väckelsång
Kronobergs län,Alvesta,Alvesta
Kronobergs län,Alvesta,Grimslöv
Kronobergs län,Alvesta,Hjortsberga
Kronobergs län,Alvesta,Moheda
Kronobergs län,Alvesta,Torpsbruk
Kronobergs län,Alvesta,Vislanda
Kronobergs län,Älmhult,Delary
Kronobergs län,Älmhult,Diö
Kronobergs län,Älmhult,Eneryda
Kronobergs län,Älmhult,Liatorp
Kronobergs län,Älmhult,Älmhult
Kronobergs län,Markaryd,Markaryd
Kronobergs län,Markaryd,Strömsnäsbruk
Kronobergs län,Markaryd,Traryd
Kronobergs län,Växjö,Björnö
Kronobergs län,Växjö,Braås
Kronobergs län,Växjö,Furuby
Kronobergs län,Växjö,Gemla
Kronobergs län,Växjö,Ingelstad
Kronobergs län,Växjö,Lammhult
Kronobergs län,Växjö,Nöbbele
Kronobergs län,Växjö,Rottne
Kronobergs län,Växjö,Tävelsås
Kronobergs län,Växjö,Växjö
Kronobergs län,Växjö,Åby
Kronobergs län,Växjö,Åryd
Kronobergs län,Växjö,Öja
Kronobergs län,Ljungby,Agunnaryd
Kronobergs län,Ljungby,Angelstad
Kronobergs län,Ljungby,Kånna
Kronobergs län,Ljungby,Lagan
Kronobergs län,Ljungby,Lidhult
Kronobergs län,Ljungby,Ljungby
Kronobergs län,Ljungby,Ryssby
Kronobergs län,Ljungby,Vittaryd
Kalmar län,Högsby,Berga
Kalmar län,Högsby,Fagerhult
Kalmar län,Högsby,Fågelfors
Kalmar län,Högsby,Högsby
Kalmar län,Högsby,Ruda
Kalmar län,Torsås,Bergkvara
Kalmar län,Torsås,Söderåkra
Kalmar län,Torsås,Torsås
Kalmar län,Mörbylånga,Algutsrum
Kalmar län,Mörbylånga,Degerhamn
Kalmar län,Mörbylånga,Färjestaden
Kalmar län,Mörbylånga,Gårdby
Kalmar län,Mörbylånga,Kastlösa
Kalmar län,Mörbylånga,Mörbylånga
Kalmar län,Mörbylånga,Saxnäs
Kalmar län,Mörbylånga,Skogsby
Kalmar län,Mörbylånga,Vickleby
Kalmar län,Hultsfred,Hultsfred
Kalmar län,Hultsfred,Järnforsen
Kalmar län,Hultsfred,Målilla
Kalmar län,Hultsfred,Mörlunda
Kalmar län,Hultsfred,Rosenfors
Kalmar län,Hultsfred,Silverdalen
Kalmar län,Hultsfred,Vena
Kalmar län,Hultsfred,Virserum
Kalmar län,Mönsterås,Blomstermåla
Kalmar län,Mönsterås,Fliseryd
Kalmar län,Mönsterås,Mönsterås
Kalmar län,Mönsterås,Oknö
Kalmar län,Mönsterås,Timmernabben
Kalmar län,Emmaboda,Emmaboda
Kalmar län,Emmaboda,Eriksmåla
Kalmar län,Emmaboda,Johansfors
Kalmar län,Emmaboda,Långasjö
Kalmar län,Emmaboda,Vissefjärda
Kalmar län,Kalmar,Drag
Kalmar län,Kalmar,Dunö
Kalmar län,Kalmar,Hagby
Kalmar län,Kalmar,Halltorp
Kalmar län,Kalmar,Kalmar
Kalmar län,Kalmar,Lindsdal
Kalmar län,Kalmar,Ljungbyholm
Kalmar län,Kalmar,Läckeby
Kalmar län,Kalmar,Påryd
Kalmar län,Kalmar,Rinkabyholm
Kalmar län,Kalmar,Rockneby
Kalmar län,Kalmar,Smedby
Kalmar län,Kalmar,Trekanten
Kalmar län,Kalmar,Tvärskog
Kalmar län,Kalmar,Vassmolösa
Kalmar län,Kalmar,Åmunnen
Kalmar län,Nybro,Alsterbro
Kalmar län,Nybro,Bäckebo
Kalmar län,Nybro,Flerohopp
Kalmar län,Nybro,Flygsfors
Kalmar län,Nybro,Kristvallabrunn
Kalmar län,Nybro,Målerås
Kalmar län,Nybro,Nybro
Kalmar län,Nybro,Orrefors
Kalmar län,Nybro,Örsjö
Kalmar län,Oskarshamn,Bockara
Kalmar län,Oskarshamn,Emsfors
Kalmar län,Oskarshamn,Figeholm
Kalmar län,Oskarshamn,Fårbo
Kalmar län,Oskarshamn,Kristdala
Kalmar län,Oskarshamn,Oskarshamn
Kalmar län,Oskarshamn,Påskallavik
Kalmar län,Oskarshamn,Stångehamn
Kalmar län,Västervik,Ankarsrum
Kalmar län,Västervik,Edsbruk
Kalmar län,Västervik,Gamleby
Kalmar län,Västervik,Gunnebo
Kalmar län,Västervik,Hjorted
Kalmar län,Västervik,Loftahammar
Kalmar län,Västervik,Piperskärr
Kalmar län,Västervik,Totebo
Kalmar län,Västervik,Västervik
Kalmar län,Västervik,Överum
Kalmar län,Vimmerby,Frödinge
Kalmar län,Vimmerby,Gullringen
Kalmar län,Vimmerby,Storebro
Kalmar län,Vimmerby,Södra Vi
Kalmar län,Vimmerby,Tuna
Kalmar län,Vimmerby,Vimmerby
Kalmar län,Borgholm,Borgholm
Kalmar län,Borgholm,Löttorp
Kalmar län,Borgholm,Rälla
Gotlands län,Gotland,Burgsvik
Gotlands län,Gotland,Fårösund
Gotlands län,Gotland,Havdhem
Gotlands län,Gotland,Hemse
Gotlands län,Gotland,Klintehamn
Gotlands län,Gotland,Lärbro
Gotlands län,Gotland,Norra Visby
Gotlands län,Gotland,Romakloster
Gotlands län,Gotland,Slite
Gotlands län,Gotland,Slite norra
Gotlands län,Gotland,Stånga
Gotlands län,Gotland,Tingstäde
Gotlands län,Gotland,Tofta
Gotlands län,Gotland,Vibble
Gotlands län,Gotland,Visby
Gotlands län,Gotland,Väskinde
Gotlands län,Gotland,Västerhejde
Blekinge län,Olofström,Gränum
Blekinge län,Olofström,Jämshög
Blekinge län,Olofström,Kyrkhult
Blekinge län,Olofström,Olofström
Blekinge län,Olofström,Vilshult
Blekinge län,Karlskrona,Drottningskär
Blekinge län,Karlskrona,Fridlevstad
Blekinge län,Karlskrona,Fågelmara
Blekinge län,Karlskrona,Gängletorp
Blekinge län,Karlskrona,Hasslö
Blekinge län,Karlskrona,Holmsjö
Blekinge län,Karlskrona,Jämjö
Blekinge län,Karlskrona,Karlskrona
Blekinge län,Karlskrona,Kättilsmåla
Blekinge län,Karlskrona,Nättraby
Blekinge län,Karlskrona,Nävragöl
Blekinge län,Karlskrona,Ramdala
Blekinge län,Karlskrona,Rödeby
Blekinge län,Karlskrona,Sjuhalla
Blekinge län,Karlskrona,Spjutsbygd
Blekinge län,Karlskrona,Sturkö
Blekinge län,Karlskrona,Torhamn
Blekinge län,Karlskrona,Trummenäs
Blekinge län,Karlskrona,Tving
Blekinge län,Ronneby,Backaryd
Blekinge län,Ronneby,Bräkne-Hoby
Blekinge län,Ronneby,Eringsboda
Blekinge län,Ronneby,Hallabro
Blekinge län,Ronneby,Johannishus
Blekinge län,Ronneby,Kallinge
Blekinge län,Ronneby,Listerby
Blekinge län,Ronneby,Ronneby
Blekinge län,Ronneby,Ronnebyhamn
Blekinge län,Karlshamn,Hällaryd
Blekinge län,Karlshamn,Karlshamn
Blekinge län,Karlshamn,Mörrum
Blekinge län,Karlshamn,Svängsta
Blekinge län,Karlshamn,Åryd
Blekinge län,Sölvesborg,Djupekås
Blekinge län,Sölvesborg,Hällevik
Blekinge län,Sölvesborg,Hörvik
Blekinge län,Sölvesborg,Ljungaviken
Blekinge län,Sölvesborg,Lörby
Blekinge län,Sölvesborg,Mjällby
Blekinge län,Sölvesborg,Norje
Blekinge län,Sölvesborg,Pukavik
Blekinge län,Sölvesborg,Sölvesborg
Blekinge län,Sölvesborg,Ysane
Skåne län,Svalöv,Billeberga
Skåne län,Svalöv,Kågeröd
Skåne län,Svalöv,Röstånga
Skåne län,Svalöv,Svalöv
Skåne län,Svalöv,Teckomatorp
Skåne län,Svalöv,Tågarp
Skåne län,Staffanstorp,Bergströmshusen
Skåne län,Staffanstorp,Hjärup
Skåne län,Staffanstorp,Kyrkheddinge
Skåne län,Staffanstorp,Nordanå
Skåne län,Staffanstorp,Staffanstorp
Skåne län,Burlöv,Burlövs egnahem
Skåne län,Burlöv,Åkarp
Skåne län,Vellinge,Arrie
Skåne län,Vellinge,Gessie Villastad
Skåne län,Vellinge,Hököpinge
Skåne län,Vellinge,Skanör med Falsterbo
Skåne län,Vellinge,Vellinge
Skåne län,Vellinge,Västra Ingelstad
Skåne län,Vellinge,Östra Grevie
Skåne län,Östra Göinge,Broby
Skåne län,Östra Göinge,Glimåkra
Skåne län,Östra Göinge,Hanaskog
Skåne län,Östra Göinge,Hjärsås
Skåne län,Östra Göinge,Immeln
Skåne län,Östra Göinge,Knislinge
Skåne län,Östra Göinge,Sibbhult
Skåne län,Örkelljunga,Eket
Skåne län,Örkelljunga,Skånes-Fagerhult
Skåne län,Örkelljunga,Åsljunga
Skåne län,Örkelljunga,Örkelljunga
Skåne län,Bjuv,Bjuv
Skåne län,Bjuv,Ekeby
Skåne län,Bjuv,Gunnarstorp
Skåne län,Kävlinge,Barsebäck
Skåne län,Kävlinge,Barsebäckshamn
Skåne län,Kävlinge,Dösjebro
Skåne län,Kävlinge,Furulund
Skåne län,Kävlinge,Hofterup
Skåne län,Kävlinge,Järavallen
Skåne län,Kävlinge,Kävlinge
Skåne län,Kävlinge,Lilla Harrie
Skåne län,Kävlinge,Löddeköpinge
Skåne län,Kävlinge,Sandskogen
Skåne län,Kävlinge,Västra Karaby
Skåne län,Lomma,Bjärred
Skåne län,Lomma,Flädie
Skåne län,Lomma,Lomma
Skåne län,Svedala,Bara
Skåne län,Svedala,Holmeja
Skåne län,Svedala,Klågerup
Skåne län,Svedala,Svedala
Skåne län,Skurup,Abbekås
Skåne län,Skurup,Rydsgård
Skåne län,Skurup,Skivarp
Skåne län,Skurup,Skurup
Skåne län,Sjöbo,Bjärsjölagård
Skåne län,Sjöbo,Blentarp
Skåne län,Sjöbo,Hemmestorp
Skåne län,Sjöbo,Karups sommarby
Skåne län,Sjöbo,Lövestad
Skåne län,Sjöbo,Sjöbo
Skåne län,Sjöbo,Sövde
Skåne län,Sjöbo,Vollsjö
Skåne län,Sjöbo,Äsperöd
Skåne län,Hörby,Hörby
Skåne län,Hörby,Osbyholm
Skåne län,Hörby,Önneköp
Skåne län,Hörby,Östraby
Skåne län,Höör,Höör
Skåne län,Höör,Norra Rörum
Skåne län,Höör,Snogeröd
Skåne län,Höör,Tjörnarp
Skåne län,Tomelilla,Brösarp
Skåne län,Tomelilla,Lunnarp
Skåne län,Tomelilla,Onslunda
Skåne län,Tomelilla,Skåne-Tranås
Skåne län,Tomelilla,Smedstorp
Skåne län,Tomelilla,Spjutstorp
Skåne län,Tomelilla,Tomelilla
Skåne län,Bromölla,Bromölla
Skåne län,Bromölla,Gualöv
Skåne län,Bromölla,Nymölla
Skåne län,Bromölla,Näsum
Skåne län,Bromölla,Valje
Skåne län,Osby,Killeberg
Skåne län,Osby,Lönsboda
Skåne län,Osby,Osby
Skåne län,Perstorp,Perstorp
Skåne län,Klippan,Klippan
Skåne län,Klippan,Klippans bruk
Skåne län,Klippan,Ljungbyhed
Skåne län,Klippan,Östra Ljungby
Skåne län,Åstorp,Hyllinge
Skåne län,Åstorp,Kvidinge
Skåne län,Åstorp,Åstorp
Skåne län,Båstad,Båstad
Skåne län,Båstad,Förslöv
Skåne län,Båstad,Grevie
Skåne län,Båstad,Torekov
Skåne län,Båstad,Västra Karup
Skåne län,Båstad,Östra Karup
Skåne län,Malmö,Bunkeflostrand
Skåne län,Malmö,Malmö
Skåne län,Malmö,Oxie
Skåne län,Malmö,Skumparp
Skåne län,Malmö,Tygelsjö
Skåne län,Malmö,Vintrie
Skåne län,Lund,Dalby
Skåne län,Lund,Genarp
Skåne län,Lund,Lund
Skåne län,Lund,Revingeby
Skåne län,Lund,Stångby
Skåne län,Lund,Södra Sandby
Skåne län,Lund,Torna Hällestad
Skåne län,Lund,Vallkärra
Skåne län,Lund,Veberöd
Skåne län,Landskrona,Annelöv
Skåne län,Landskrona,Asmundtorp
Skåne län,Landskrona,Glumslöv
Skåne län,Landskrona,Häljarp
Skåne län,Landskrona,Härslöv
Skåne län,Landskrona,Kvärlöv
Skåne län,Landskrona,Landskrona
Skåne län,Landskrona,Saxtorpsskogen
Skåne län,Landskrona,Tuna
Skåne län,Helsingborg,Allerum
Skåne län,Helsingborg,Domsten
Skåne län,Helsingborg,Fleninge
Skåne län,Helsingborg,Gantofta
Skåne län,Helsingborg,Hasslarp
Skåne län,Helsingborg,Helsingborg
Skåne län,Helsingborg,Hittarp
Skåne län,Helsingborg,Kattarp
Skåne län,Helsingborg,Mörarp
Skåne län,Helsingborg,Rydebäck
Skåne län,Helsingborg,Utvälinge
Skåne län,Helsingborg,Vallåkra
Skåne län,Helsingborg,Ödåkra
Skåne län,Höganäs,Arild
Skåne län,Höganäs,Farhult
Skåne län,Höganäs,Höganäs
Skåne län,Höganäs,Ingelsträde
Skåne län,Höganäs,Jonstorp
Skåne län,Höganäs,Mjöhult
Skåne län,Höganäs,Mölle
Skåne län,Höganäs,Viken
Skåne län,Eslöv,Billinge
Skåne län,Eslöv,Eslöv
Skåne län,Eslöv,Flyinge
Skåne län,Eslöv,Gårdstånga
Skåne län,Eslöv,Harlösa
Skåne län,Eslöv,Hurva
Skåne län,Eslöv,Kungshult
Skåne län,Eslöv,Löberöd
Skåne län,Eslöv,Marieholm
Skåne län,Eslöv,Stehag
Skåne län,Eslöv,Stockamöllan
Skåne län,Eslöv,Väggarp
Skåne län,Eslöv,Örtofta
Skåne län,Ystad,Glemmingebro
Skåne län,Ystad,Hedeskoga
Skåne län,Ystad,Köpingebro
Skåne län,Ystad,Löderup
Skåne län,Ystad,Nybrostrand
Skåne län,Ystad,Stora Herrestad
Skåne län,Ystad,Svarte
Skåne län,Ystad,Sövestad
Skåne län,Ystad,Ystad
Skåne län,Trelleborg,Alstad
Skåne län,Trelleborg,Anderslöv
Skåne län,Trelleborg,Beddingestrand
Skåne län,Trelleborg,Klagstorp
Skåne län,Trelleborg,Kurland
Skåne län,Trelleborg,Skegrie
Skåne län,Trelleborg,Smygehamn
Skåne län,Trelleborg,Trelleborg
Skåne län,Trelleborg,Västra Tommarp
Skåne län,Kristianstad,Arkelstorp
Skåne län,Kristianstad,Balsby
Skåne län,Kristianstad,Bjärlöv
Skåne län,Kristianstad,Bäckaskog
Skåne län,Kristianstad,Degeberga
Skåne län,Kristianstad,Everöd
Skåne län,Kristianstad,Fjälkinge
Skåne län,Kristianstad,Färlöv
Skåne län,Kristianstad,Gärds Köpinge
Skåne län,Kristianstad,Hammar
Skåne län,Kristianstad,Huaröd
Skåne län,Kristianstad,Kristianstad
Skåne län,Kristianstad,Linderöd
Skåne län,Kristianstad,Rinkaby
Skåne län,Kristianstad,Tollarp
Skåne län,Kristianstad,Viby
Skåne län,Kristianstad,Vittskövle
Skåne län,Kristianstad,Vånga
Skåne län,Kristianstad,Yngsjö
Skåne län,Kristianstad,Åhus
Skåne län,Kristianstad,Önnestad
Skåne län,Kristianstad,Österslöv
Skåne län,Kristianstad,Östra Sönnarslöv
Skåne län,Simrishamn,Baskemölla
Skåne län,Simrishamn,Borrby
Skåne län,Simrishamn,Brantevik
Skåne län,Simrishamn,Gärsnäs
Skåne län,Simrishamn,Hammenhög
Skåne län,Simrishamn,Kivik
Skåne län,Simrishamn,Sankt Olof
Skåne län,Simrishamn,Simrishamn
Skåne län,Simrishamn,Skillinge
Skåne län,Simrishamn,Vik
Skåne län,Simrishamn,Vitaby
Skåne län,Simrishamn,Östra Tommarp
Skåne län,Simrishamn,Östra Vemmerlöv
Skåne län,Ängelholm,Havsbaden
Skåne län,Ängelholm,Hjärnarp
Skåne län,Ängelholm,Margretetorp
Skåne län,Ängelholm,Munka-Ljungby
Skåne län,Ängelholm,Strövelstorp
Skåne län,Ängelholm,Svenstorp
Skåne län,Ängelholm,Ängelholm
Skåne län,Ängelholm,Össjö
Skåne län,Hässleholm,Ballingslöv
Skåne län,Hässleholm,Bjärnum
Skåne län,Hässleholm,Emmaljunga
Skåne län,Hässleholm,Finja
Skåne län,Hässleholm,Hässleholm
Skåne län,Hässleholm,Hästveda
Skåne län,Hässleholm,Mala
Skåne län,Hässleholm,Röke
Skåne län,Hässleholm,Sjörröd
Skåne län,Hässleholm,Stoby
Skåne län,Hässleholm,Sösdala
Skåne län,Hässleholm,Tormestorp
Skåne län,Hässleholm,Tyringe
Skåne län,Hässleholm,Vankiva
Skåne län,Hässleholm,Vinslöv
Skåne län,Hässleholm,Vittsjö
Skåne län,Hässleholm,Västra Torup
Hallands län,Hylte,Hyltebruk
Hallands län,Hylte,Kinnared
Hallands län,Hylte,Landeryd
Hallands län,Hylte,Rydöbruk
Hallands län,Hylte,Torup
Hallands län,Hylte,Unnaryd
Hallands län,Halmstad,Eldsberga
Hallands län,Halmstad,Frösakull
Hallands län,Halmstad,Getinge
Hallands län,Halmstad,Gullbrandstorp
Hallands län,Halmstad,Gullbranna
Hallands län,Halmstad,Halmstad
Hallands län,Halmstad,Harplinge
Hallands län,Halmstad,Haverdal
Hallands län,Halmstad,Holm
Hallands län,Halmstad,Kvibille
Hallands län,Halmstad,Laxvik
Hallands län,Halmstad,Oskarström
Hallands län,Halmstad,Sennan
Hallands län,Halmstad,Simlångsdalen
Hallands län,Halmstad,Skedala
Hallands län,Halmstad,Steninge
Hallands län,Halmstad,Trönninge
Hallands län,Halmstad,Villshärad
Hallands län,Halmstad,Åled
Hallands län,Laholm,Genevad
Hallands län,Laholm,Hasslöv
Hallands län,Laholm,Hishult
Hallands län,Laholm,Knäred
Hallands län,Laholm,Laholm
Hallands län,Laholm,Lilla Tjärby
Hallands län,Laholm,Mellbystrand
Hallands län,Laholm,Ränneslöv
Hallands län,Laholm,Skottorp
Hallands län,Laholm,Vallberga
Hallands län,Laholm,Veinge
Hallands län,Laholm,Våxtorp
Hallands län,Laholm,Ysby
Hallands län,Falkenberg,Bergagård
Hallands län,Falkenberg,Falkenberg
Hallands län,Falkenberg,Fegen
Hallands län,Falkenberg,Glommen
Hallands län,Falkenberg,Heberg
Hallands län,Falkenberg,Köinge
Hallands län,Falkenberg,Långås
Hallands län,Falkenberg,Morup
Hallands län,Falkenberg,Olofsbo
Hallands län,Falkenberg,Slöinge
Hallands län,Falkenberg,Ullared
Hallands län,Falkenberg,Vessigebro
Hallands län,Falkenberg,Vinberg
Hallands län,Falkenberg,Vinbergs kyrkby
Hallands län,Falkenberg,Årstad
Hallands län,Falkenberg,Älvsered
Hallands län,Falkenberg,Ätran
Hallands län,Varberg,Bua
Hallands län,Varberg,Getterön
Hallands län,Varberg,Himle
Hallands län,Varberg,Hunnestad
Hallands län,Varberg,Kungsäter
Hallands län,Varberg,Rolfstorp
Hallands län,Varberg,Skällinge
Hallands län,Varberg,Tofta
Hallands län,Varberg,Tvååker
Hallands län,Varberg,Tångaberg
Hallands län,Varberg,Valinge
Hallands län,Varberg,Varberg
Hallands län,Varberg,Veddige
Hallands län,Varberg,Väröbacka
Hallands län,Varberg,Årnäs
Hallands län,Varberg,Åsby
Hallands län,Kungsbacka,Buerås
Hallands län,Kungsbacka,Fjärås kyrkby
Hallands län,Kungsbacka,Fjärås station
Hallands län,Kungsbacka,Frillesås
Hallands län,Kungsbacka,Halla Heberg
Hallands län,Kungsbacka,Hjälm
Hallands län,Kungsbacka,Kläppa
Hallands län,Kungsbacka,Kungsbacka
Hallands län,Kungsbacka,Onsala
Hallands län,Kungsbacka,Röda holme
Hallands län,Kungsbacka,Sätinge
Hallands län,Kungsbacka,Vallda
Hallands län,Kungsbacka,Västra Hagen
Hallands län,Kungsbacka,Åsa
Västra Götalands län,Härryda,Hindås
Västra Götalands län,Härryda,Hällingsjö
Västra Götalands län,Härryda,Härryda
Västra Götalands län,Härryda,Landvetter
Västra Götalands län,Härryda,Mölnlycke
Västra Götalands län,Härryda,Nya Långenäs
Västra Götalands län,Härryda,Rya
Västra Götalands län,Härryda,Rävlanda
Västra Götalands län,Härryda,Stora Bugärde
Västra Götalands län,Partille,Jonsered
Västra Götalands län,Partille,Kåhög
Västra Götalands län,Partille,Öjersjö
Västra Götalands län,Öckerö,Björkö
Västra Götalands län,Öckerö,Fotö
Västra Götalands län,Öckerö,Hälsö
Västra Götalands län,Öckerö,Kalvsund
Västra Götalands län,Öckerö,Källö-Knippla
Västra Götalands län,Öckerö,Rörö
Västra Götalands län,Stenungsund,Jörlanda
Västra Götalands län,Stenungsund,Spekeröd
Västra Götalands län,Stenungsund,Stenungsund
Västra Götalands län,Stenungsund,Stenungsön
Västra Götalands län,Stenungsund,Stora Höga
Västra Götalands län,Stenungsund,Svartehallen
Västra Götalands län,Stenungsund,Svenshögen
Västra Götalands län,Stenungsund,Ucklum
Västra Götalands län,Stenungsund,Ödsmål
Västra Götalands län,Tjörn,Bleket
Västra Götalands län,Tjörn,Hjälteby
Västra Götalands län,Tjörn,Klädesholmen
Västra Götalands län,Tjörn,Klövedal
Västra Götalands län,Tjörn,Kyrkesund
Västra Götalands län,Tjörn,Kållekärr
Västra Götalands län,Tjörn,Rönnäng
Västra Götalands län,Tjörn,Skärhamn
Västra Götalands län,Orust,Ellös
Västra Götalands län,Orust,Henån
Västra Götalands län,Orust,Höggeröd
Västra Götalands län,Orust,Mollösund
Västra Götalands län,Orust,Svanesund
Västra Götalands län,Orust,Varekil
Västra Götalands län,Sotenäs,Bovallstrand
Västra Götalands län,Sotenäs,Hunnebostrand
Västra Götalands län,Sotenäs,Kungshamn
Västra Götalands län,Sotenäs,Malmön
Västra Götalands län,Sotenäs,Smögen
Västra Götalands län,Munkedal,Dingle
Västra Götalands län,Munkedal,Hedekas
Västra Götalands län,Munkedal,Hällevadsholm
Västra Götalands län,Munkedal,Munkedal
Västra Götalands län,Munkedal,Torreby
Västra Götalands län,Tanum,Fjällbacka
Västra Götalands län,Tanum,Grebbestad
Västra Götalands län,Tanum,Hamburgsund
Västra Götalands län,Tanum,Rabbalshede
Västra Götalands län,Tanum,Tanumshede
Västra Götalands län,Tanum,Östad
Västra Götalands län,Dals-Ed,Ed
Västra Götalands län,Färgelanda,Färgelanda
Västra Götalands län,Färgelanda,Högsäter
Västra Götalands län,Färgelanda,Stigen
Västra Götalands län,Färgelanda,Ödeborg
Västra Götalands län,Ale,Alvhem
Västra Götalands län,Ale,Nödinge-Nol
Västra Götalands län,Ale,Skepplanda
Västra Götalands län,Ale,Surte
Västra Götalands län,Ale,Älvängen
Västra Götalands län,Lerum,Björboholm
Västra Götalands län,Lerum,Gråbo
Västra Götalands län,Lerum,Lerum
Västra Götalands län,Lerum,Sjövik
Västra Götalands län,Lerum,Slätthult
Västra Götalands län,Lerum,Tollered
Västra Götalands län,Lerum,Ytterstad
Västra Götalands län,Lerum,Öxeryd
Västra Götalands län,Vårgårda,Horla
Västra Götalands län,Vårgårda,Vårgårda
Västra Götalands län,Vårgårda,Östadkulle
Västra Götalands län,Bollebygd,Bollebygd
Västra Götalands län,Bollebygd,Fjällastorp
Västra Götalands län,Bollebygd,Hultafors
Västra Götalands län,Bollebygd,Olsfors
Västra Götalands län,Bollebygd,Töllsjö
Västra Götalands län,Grästorp,Grästorp
Västra Götalands län,Essunga,Främmestad
Västra Götalands län,Essunga,Jonslund
Västra Götalands län,Essunga,Nossebro
Västra Götalands län,Karlsborg,Forsvik
Västra Götalands län,Karlsborg,Karlsborg
Västra Götalands län,Karlsborg,Mölltorp
Västra Götalands län,Karlsborg,Undenäs
Västra Götalands län,Gullspång,Gullspång
Västra Götalands län,Gullspång,Hova
Västra Götalands län,Gullspång,Otterbäcken
Västra Götalands län,Tranemo,Ambjörnarp
Västra Götalands län,Tranemo,Dalstorp
Västra Götalands län,Tranemo,Grimsås
Västra Götalands län,Tranemo,Limmared
Västra Götalands län,Tranemo,Ljungsarp
Västra Götalands län,Tranemo,Länghem
Västra Götalands län,Tranemo,Nittorp
Västra Götalands län,Tranemo,Rosenlund
Västra Götalands län,Tranemo,Tranemo
Västra Götalands län,Tranemo,Uddebo
Västra Götalands län,Bengtsfors,Bengtsfors
Västra Götalands län,Bengtsfors,Billingsfors
Västra Götalands län,Bengtsfors,Bäckefors
Västra Götalands län,Bengtsfors,Dals Långed
Västra Götalands län,Bengtsfors,Skåpafors
Västra Götalands län,Mellerud,Dals Rostock
Västra Götalands län,Mellerud,Mellerud
Västra Götalands län,Mellerud,Åsensbruk
Västra Götalands län,Lilla Edet,Göta
Västra Götalands län,Lilla Edet,Hjärtum
Västra Götalands län,Lilla Edet,Lilla Edet
Västra Götalands län,Lilla Edet,Lilla Edet västra
Västra Götalands län,Lilla Edet,Lödöse
Västra Götalands län,Lilla Edet,Nygård
Västra Götalands län,Mark,Berghem
Västra Götalands län,Mark,Björketorp
Västra Götalands län,Mark,Flyksnäs
Västra Götalands län,Mark,Fritsla
Västra Götalands län,Mark,Horred
Västra Götalands län,Mark,Hyssna
Västra Götalands län,Mark,Kinna
Västra Götalands län,Mark,Rydal
Västra Götalands län,Mark,Sätila
Västra Götalands län,Mark,Torestorp
Västra Götalands län,Mark,Ubbhult norra
Västra Götalands län,Mark,Öxabäck
Västra Götalands län,Svenljunga,Hillared
Västra Götalands län,Svenljunga,Holsljunga
Västra Götalands län,Svenljunga,Mjöbäck
Västra Götalands län,Svenljunga,Sexdrega
Västra Götalands län,Svenljunga,Svenljunga
Västra Götalands län,Svenljunga,Östra Frölunda
Västra Götalands län,Svenljunga,Överlida
Västra Götalands län,Herrljunga,Herrljunga
Västra Götalands län,Vara,Arentorp
Västra Götalands län,Vara,Emtunga
Västra Götalands län,Vara,Jung
Västra Götalands län,Vara,Kvänum
Västra Götalands län,Vara,Larv
Västra Götalands län,Vara,Stora Levene
Västra Götalands län,Vara,Tråvad
Västra Götalands län,Vara,Vara
Västra Götalands län,Vara,Vedum
Västra Götalands län,Götene,Götene
Västra Götalands län,Götene,Hällekis
Västra Götalands län,Götene,Källby
Västra Götalands län,Götene,Lundsbrunn
Västra Götalands län,Tibro,Fagersanna
Västra Götalands län,Tibro,Tibro
Västra Götalands län,Töreboda,Moholm
Västra Götalands län,Töreboda,Töreboda
Västra Götalands län,Töreboda,Älgarås
Västra Götalands län,Göteborg,Angered
Västra Götalands län,Göteborg,Asperö
Västra Götalands län,Göteborg,Björlanda
Västra Götalands län,Göteborg,Brännö
Västra Götalands län,Göteborg,Donsö
Västra Götalands län,Göteborg,Göteborg
Västra Götalands län,Göteborg,Nolvik
Västra Götalands län,Göteborg,Nordöstra Göteborg
Västra Götalands län,Göteborg,Olofstorp
Västra Götalands län,Göteborg,Stenared
Västra Götalands län,Göteborg,Styrsö
Västra Götalands län,Göteborg,Säve
Västra Götalands län,Göteborg,Torslanda
Västra Götalands län,Göteborg,Tumlehed
Västra Götalands län,Göteborg,Vrångö
Västra Götalands län,Mölndal,Björnaås
Västra Götalands län,Mölndal,Hällesåker
Västra Götalands län,Mölndal,Östra Balltorp
Västra Götalands län,Kungälv,Arvidsvik
Västra Götalands län,Kungälv,Diseröd
Västra Götalands län,Kungälv,Duvesjön
Västra Götalands län,Kungälv,Kode
Västra Götalands län,Kungälv,Kungälv
Västra Götalands län,Kungälv,Kärna
Västra Götalands län,Kungälv,Marstrand
Västra Götalands län,Kungälv,Risby
Västra Götalands län,Kungälv,Tjuvkil
Västra Götalands län,Kungälv,Ytterby
Västra Götalands län,Lysekil,Brastad
Västra Götalands län,Lysekil,Fiskebäckskil
Västra Götalands län,Lysekil,Grundsund
Västra Götalands län,Lysekil,Lysekil
Västra Götalands län,Uddevalla,Ammenäs
Västra Götalands län,Uddevalla,Fagerhult
Västra Götalands län,Uddevalla,Hogstorp
Västra Götalands län,Uddevalla,Kurveröd
Västra Götalands län,Uddevalla,Ljungskile
Västra Götalands län,Uddevalla,Smedseröd
Västra Götalands län,Uddevalla,Sundstrand
Västra Götalands län,Uddevalla,Uddevalla
Västra Götalands län,Uddevalla,Utby
Västra Götalands län,Strömstad,Kebal
Västra Götalands län,Strömstad,Rossö
Västra Götalands län,Strömstad,Skee
Västra Götalands län,Strömstad,Stare
Västra Götalands län,Strömstad,Strömstad
Västra Götalands län,Vänersborg,Brålanda
Västra Götalands län,Vänersborg,Frändefors
Västra Götalands län,Vänersborg,Katrinedal
Västra Götalands län,Vänersborg,Nordkroken
Västra Götalands län,Vänersborg,Vargön
Västra Götalands län,Vänersborg,Vänersborg
Västra Götalands län,Trollhättan,Sjuntorp
Västra Götalands län,Trollhättan,Trollhättan
Västra Götalands län,Trollhättan,Upphärad
Västra Götalands län,Trollhättan,Velanda
Västra Götalands län,Trollhättan,Väne-Åsaka
Västra Götalands län,Alingsås,Alingsås
Västra Götalands län,Alingsås,Färgens östra strand
Västra Götalands län,Alingsås,Gräfsnäs
Västra Götalands län,Alingsås,Hjälmared
Västra Götalands län,Alingsås,Ingared
Västra Götalands län,Alingsås,Långared
Västra Götalands län,Alingsås,Magra
Västra Götalands län,Alingsås,Sollebrunn
Västra Götalands län,Alingsås,Stora Mellby
Västra Götalands län,Alingsås,Västerbodarna
Västra Götalands län,Borås,Aplared
Västra Götalands län,Borås,Borgstena
Västra Götalands län,Borås,Borås
Västra Götalands län,Borås,Bosnäs
Västra Götalands län,Borås,Bredared
Västra Götalands län,Borås,Dalsjöfors
Västra Götalands län,Borås,Dannike
Västra Götalands län,Borås,Fristad
Västra Götalands län,Borås,Hedared
Västra Götalands län,Borås,Kinnarumma
Västra Götalands län,Borås,Rydboholm
Västra Götalands län,Borås,Rångedala
Västra Götalands län,Borås,Sandared
Västra Götalands län,Borås,Sandhult
Västra Götalands län,Borås,Viskafors
Västra Götalands län,Borås,Äspered
Västra Götalands län,Ulricehamn,Blidsberg
Västra Götalands län,Ulricehamn,Dalum
Västra Götalands län,Ulricehamn,Gällstad
Västra Götalands län,Ulricehamn,Hulu
Västra Götalands län,Ulricehamn,Hökerum
Västra Götalands län,Ulricehamn,Marbäck
Västra Götalands län,Ulricehamn,Nitta
Västra Götalands län,Ulricehamn,Rånnaväg
Västra Götalands län,Ulricehamn,Timmele
Västra Götalands län,Ulricehamn,Trädet
Västra Götalands län,Ulricehamn,Ulricehamn
Västra Götalands län,Ulricehamn,Vegby
Västra Götalands län,Åmål,Fengersfors
Västra Götalands län,Åmål,Tösse
Västra Götalands län,Åmål,Åmål
Västra Götalands län,Mariestad,Lugnås
Västra Götalands län,Mariestad,Lyrestad
Västra Götalands län,Mariestad,Mariestad
Västra Götalands län,Mariestad,Sjötorp
Västra Götalands län,Mariestad,Ullervad
Västra Götalands län,Lidköping,Filsbäck
Västra Götalands län,Lidköping,Järpås
Västra Götalands län,Lidköping,Lidköping
Västra Götalands län,Lidköping,Lidköping norra
Västra Götalands län,Lidköping,Saleby
Västra Götalands län,Lidköping,Vinninga
Västra Götalands län,Lidköping,Örslösa
Västra Götalands län,Skara,Ardala
Västra Götalands län,Skara,Axvall
Västra Götalands län,Skara,Eggby
Västra Götalands län,Skara,Skara
Västra Götalands län,Skara,Varnhem
Västra Götalands län,Skövde,Igelstorp
Västra Götalands län,Skövde,Lerdala
Västra Götalands län,Skövde,Skultorp
Västra Götalands län,Skövde,Skövde
Västra Götalands län,Skövde,Stöpen
Västra Götalands län,Skövde,Tidan
Västra Götalands län,Skövde,Timmersdala
Västra Götalands län,Skövde,Ulvåker
Västra Götalands län,Skövde,Väring
Västra Götalands län,Skövde,Värsås
Västra Götalands län,Hjo,Hjo
Västra Götalands län,Hjo,Korsberga
Västra Götalands län,Tidaholm,Ekedalen
Västra Götalands län,Tidaholm,Madängsholm
Västra Götalands län,Tidaholm,Tidaholm
Västra Götalands län,Falköping,Falköping
Västra Götalands län,Falköping,Floby
Västra Götalands län,Falköping,Gudhem
Västra Götalands län,Falköping,Kinnarp
Västra Götalands län,Falköping,Kättilstorp
Västra Götalands län,Falköping,Odensberg
Västra Götalands län,Falköping,Stenstorp
Västra Götalands län,Falköping,Torbjörntorp
Västra Götalands län,Falköping,Vartofta
Västra Götalands län,Falköping,Åsarp
Värmlands län,Kil,Fagerås
Värmlands län,Kil,Högboda
Värmlands län,Kil,Kil
Värmlands län,Kil,Östra Stenåsen
Värmlands län,Eda,Charlottenberg
Värmlands län,Eda,Eda Glasbruk
Värmlands län,Eda,Koppom
Värmlands län,Eda,Åmotfors
Värmlands län,Torsby,Oleby
Värmlands län,Torsby,Stöllet
Värmlands län,Torsby,Sysslebäck
Värmlands län,Torsby,Torsby
Värmlands län,Storfors,Kyrksten
Värmlands län,Storfors,Storfors
Värmlands län,Hammarö,Skoghall
Värmlands län,Hammarö,Tye
Värmlands län,Hammarö,Vidöåsen
Värmlands län,Munkfors,Munkfors
Värmlands län,Forshaga,Deje
Värmlands län,Forshaga,Dyvelsten
Värmlands län,Forshaga,Forshaga
Värmlands län,Grums,Grums
Värmlands län,Grums,Segmon
Värmlands län,Grums,Slottsbron
Värmlands län,Årjäng,Töcksfors
Värmlands län,Årjäng,Årjäng
Värmlands län,Sunne,Lysvik
Värmlands län,Sunne,Rottneros
Värmlands län,Sunne,Sunne
Värmlands län,Sunne,Uddheden
Värmlands län,Sunne,Västra Ämtervik
Värmlands län,Karlstad,Alster
Värmlands län,Karlstad,Blombacka
Värmlands län,Karlstad,Edsvalla
Värmlands län,Karlstad,Edsvalla Övre bruket
Värmlands län,Karlstad,Karlstad
Värmlands län,Karlstad,Molkom
Värmlands län,Karlstad,Skattkärr
Värmlands län,Karlstad,Skåre
Värmlands län,Karlstad,Vallargärdet
Värmlands län,Karlstad,Vålberg
Värmlands län,Karlstad,Väse
Värmlands län,Kristinehamn,Björneborg
Värmlands län,Kristinehamn,Bäckhammar
Värmlands län,Kristinehamn,Kristinehamn
Värmlands län,Kristinehamn,Ölme
Värmlands län,Filipstad,Filipstad
Värmlands län,Filipstad,Lesjöfors
Värmlands län,Filipstad,Nykroppa
Värmlands län,Filipstad,Persberg
Värmlands län,Hagfors,Ekshärad
Värmlands län,Hagfors,Geijersholm
Värmlands län,Hagfors,Hagfors
Värmlands län,Hagfors,Mjönäs
Värmlands län,Hagfors,Råda
Värmlands län,Hagfors,Sunnemo
Värmlands län,Hagfors,Uddeholm
Värmlands län,Arvika,Arvika
Värmlands län,Arvika,Edane
Värmlands län,Arvika,Gunnarskog
Värmlands län,Arvika,Jössefors
Värmlands län,Arvika,Klässbol
Värmlands län,Arvika,Prästängen
Värmlands län,Arvika,Sulvik
Värmlands län,Säffle,Svanskog
Värmlands län,Säffle,Säffle
Värmlands län,Säffle,Värmlandsbro
Örebro län,Lekeberg,Fjugesta
Örebro län,Lekeberg,Gropen
Örebro län,Lekeberg,Mullhyttan
Örebro län,Lekeberg,Vintrosa
Örebro län,Laxå,Finnerödja
Örebro län,Laxå,Hasselfors
Örebro län,Laxå,Laxå
Örebro län,Hallsberg,Hallsberg
Örebro län,Hallsberg,Hjortkvarn
Örebro län,Hallsberg,Pålsboda
Örebro län,Hallsberg,Sköllersta
Örebro län,Hallsberg,Vretstorp
Örebro län,Hallsberg,Östansjö
Örebro län,Degerfors,Degerfors
Örebro län,Degerfors,Svartå
Örebro län,Hällefors,Grythyttan
Örebro län,Hällefors,Hällefors
Örebro län,Ljusnarsberg,Kopparberg
Örebro län,Ljusnarsberg,Ställdalen
Örebro län,Örebro,Askersby
Örebro län,Örebro,Ekeby-Almby
Örebro län,Örebro,Garphyttan
Örebro län,Örebro,Glanshammar
Örebro län,Örebro,Hampetorp
Örebro län,Örebro,Hovsta
Örebro län,Örebro,Kilsmo
Örebro län,Örebro,Latorpsbruk
Örebro län,Örebro,Norra Bro
Örebro län,Örebro,Odensbacken
Örebro län,Örebro,Stora Mellösa
Örebro län,Örebro,Ölmbrotorp
Örebro län,Örebro,Örebro
Örebro län,Kumla,Ekeby
Örebro län,Kumla,Kumla
Örebro län,Kumla,Åbytorp
Örebro län,Askersund,Askersund
Örebro län,Askersund,Hammar
Örebro län,Askersund,Olshammar
Örebro län,Askersund,Rönneshytta
Örebro län,Askersund,Sänna
Örebro län,Askersund,Zinkgruvan
Örebro län,Askersund,Åmmeberg
Örebro län,Askersund,Åsbro
Örebro län,Karlskoga,Karlskoga
Örebro län,Nora,Gyttorp
Örebro län,Nora,Nora
Örebro län,Nora,Striberg
Örebro län,Nora,Ås
Örebro län,Lindesberg,Fellingsbro
Örebro län,Lindesberg,Frövi
Örebro län,Lindesberg,Gusselby
Örebro län,Lindesberg,Lindesberg
Örebro län,Lindesberg,Ramsberg
Örebro län,Lindesberg,Rockhammar
Örebro län,Lindesberg,Storå
Örebro län,Lindesberg,Stråssa
Örebro län,Lindesberg,Vedevåg
Västmanlands län,Skinnskatteberg,Riddarhyttan
Västmanlands län,Skinnskatteberg,Skinnskatteberg
Västmanlands län,Surahammar,Ramnäs
Västmanlands län,Surahammar,Surahammar
Västmanlands län,Surahammar,Virsbo
Västmanlands län,Kungsör,Kungsör
Västmanlands län,Kungsör,Valskog
Västmanlands län,Hallstahammar,Hallstahammar
Västmanlands län,Hallstahammar,Kolbäck
Västmanlands län,Hallstahammar,Näs
Västmanlands län,Hallstahammar,Strömsholm
Västmanlands län,Hallstahammar,Sörstafors
Västmanlands län,Norberg,Norberg
Västmanlands län,Västerås,Barkarö
Västmanlands län,Västerås,Dingtuna
Västmanlands län,Västerås,Enhagen-Ekbacken
Västmanlands län,Västerås,Harkie
Västmanlands län,Västerås,Hustahöjden
Västmanlands län,Västerås,Irsta
Västmanlands län,Västerås,Kvicksund
Västmanlands län,Västerås,Lycksta
Västmanlands län,Västerås,Malmen
Västmanlands län,Västerås,Munga
Västmanlands län,Västerås,Skultuna
Västmanlands län,Västerås,Tidö-Lindö
Västmanlands län,Västerås,Tillberga
Västmanlands län,Västerås,Tortuna
Västmanlands län,Västerås,Västerås
Västmanlands län,Västerås,Örtagården
Västmanlands län,Sala,Möklinta
Västmanlands län,Sala,Ransta
Västmanlands län,Sala,Sala
Västmanlands län,Sala,Salbohed
Västmanlands län,Sala,Sätra brunn
Västmanlands län,Sala,Västerfärnebo
Västmanlands län,Fagersta,Fagersta
Västmanlands län,Fagersta,Hedkärra
Västmanlands län,Köping,Kolsva
Västmanlands län,Köping,Köping
Västmanlands län,Köping,Munktorp
Västmanlands län,Arboga,Arboga
Västmanlands län,Arboga,Götlunda
Västmanlands län,Arboga,Medåker
Dalarnas län,Vansbro,Grönalid
Dalarnas län,Vansbro,Järna
Dalarnas län,Vansbro,Skålö
Dalarnas län,Vansbro,Vansbro
Dalarnas län,Vansbro,Äppelbo
Dalarnas län,Malung-Sälen,Lima
Dalarnas län,Malung-Sälen,Limedsforsen
Dalarnas län,Malung-Sälen,Malung
Dalarnas län,Malung-Sälen,Malungsfors
Dalarnas län,Malung-Sälen,Sälen
Dalarnas län,Malung-Sälen,Transtrand
Dalarnas län,Gagnef,Björbo
Dalarnas län,Gagnef,Bäsna
Dalarnas län,Gagnef,Djurås
Dalarnas län,Gagnef,Floda / Dala-Floda
Dalarnas län,Gagnef,Gagnef
Dalarnas län,Gagnef,Mockfjärd
Dalarnas län,Gagnef,Sifferbo
Dalarnas län,Leksand,Alvik
Dalarnas län,Leksand,Djura
Dalarnas län,Leksand,Häradsbygden
Dalarnas län,Leksand,Insjön
Dalarnas län,Leksand,Leksand
Dalarnas län,Leksand,Siljansnäs
Dalarnas län,Leksand,Tällberg
Dalarnas län,Leksand,Västanvik
Dalarnas län,Rättvik,Boda
Dalarnas län,Rättvik,Furudal
Dalarnas län,Rättvik,Gulleråsen
Dalarnas län,Rättvik,Nedre Gärdsjö
Dalarnas län,Rättvik,Rättvik
Dalarnas län,Rättvik,Vikarbyn
Dalarnas län,Orsa,Orsa
Dalarnas län,Orsa,Skattungbyn
Dalarnas län,Älvdalen,Brunnsberg
Dalarnas län,Älvdalen,Evertsberg
Dalarnas län,Älvdalen,Idre
Dalarnas län,Älvdalen,Rot
Dalarnas län,Älvdalen,Särna
Dalarnas län,Älvdalen,Västermyckeläng
Dalarnas län,Älvdalen,Åsen
Dalarnas län,Älvdalen,Älvdalen
Dalarnas län,Smedjebacken,Hagge
Dalarnas län,Smedjebacken,Smedjebacken
Dalarnas län,Smedjebacken,Söderbärke
Dalarnas län,Smedjebacken,Vad
Dalarnas län,Mora,Bonäs
Dalarnas län,Mora,Gesunda
Dalarnas län,Mora,Mora
Dalarnas län,Mora,Nusnäs
Dalarnas län,Mora,Selja
Dalarnas län,Mora,Sollerön
Dalarnas län,Mora,Venjan
Dalarnas län,Mora,Vinäs
Dalarnas län,Mora,Våmhus
Dalarnas län,Falun,Aspeboda
Dalarnas län,Falun,Bengtsheden
Dalarnas län,Falun,Bjursås
Dalarnas län,Falun,Danholn
Dalarnas län,Falun,Enviken
Dalarnas län,Falun,Falun
Dalarnas län,Falun,Grycksbo
Dalarnas län,Falun,Linghed
Dalarnas län,Falun,Stennäset
Dalarnas län,Falun,Sundborn
Dalarnas län,Falun,Svärdsjö
Dalarnas län,Falun,Sågmyra
Dalarnas län,Falun,Toftbyn
Dalarnas län,Falun,Vika
Dalarnas län,Falun,Övertänger
Dalarnas län,Borlänge,Borlänge
Dalarnas län,Borlänge,Halvarsgårdarna
Dalarnas län,Borlänge,Idkerberget
Dalarnas län,Borlänge,Norr Amsberg
Dalarnas län,Borlänge,Ornäs
Dalarnas län,Borlänge,Repbäcken
Dalarnas län,Borlänge,Romme
Dalarnas län,Borlänge,Torsång
Dalarnas län,Säter,Naglarby
Dalarnas län,Säter,Skedvi kyrkby
Dalarnas län,Säter,Solvarbo
Dalarnas län,Säter,Säter
Dalarnas län,Hedemora,Garpenberg
Dalarnas län,Hedemora,Hedemora
Dalarnas län,Hedemora,Långshyttan
Dalarnas län,Hedemora,Vikmanshyttan
Dalarnas län,Hedemora,Västerby
Dalarnas län,Avesta,Folkärna
Dalarnas län,Avesta,Fors
Dalarnas län,Avesta,Horndal
Dalarnas län,Avesta,Nordanö
Dalarnas län,Ludvika,Blötberget
Dalarnas län,Ludvika,Fredriksberg västra
Dalarnas län,Ludvika,Fredriksberg östra
Dalarnas län,Ludvika,Gonäs
Dalarnas län,Ludvika,Grängesberg
Dalarnas län,Ludvika,Grängesberg västra
Dalarnas län,Ludvika,Håksberg
Dalarnas län,Ludvika,Ludvika
Dalarnas län,Ludvika,Nyhammar
Dalarnas län,Ludvika,Saxdalen
Dalarnas län,Ludvika,Sunnansjö
Dalarnas län,Ludvika,Sörvik
Gävleborgs län,Ockelbo,Lingbo
Gävleborgs län,Ockelbo,Ockelbo
Gävleborgs län,Ockelbo,Åmot
Gävleborgs län,Hofors,Hofors
Gävleborgs län,Hofors,Robertsholm
Gävleborgs län,Hofors,Torsåker
Gävleborgs län,Ovanåker,Alfta
Gävleborgs län,Ovanåker,Edsbyn
Gävleborgs län,Ovanåker,Roteberg
Gävleborgs län,Ovanåker,Runemo
Gävleborgs län,Ovanåker,Viksjöfors
Gävleborgs län,Nordanstig,Bergsjö
Gävleborgs län,Nordanstig,Gnarp
Gävleborgs län,Nordanstig,Harmånger
Gävleborgs län,Nordanstig,Hassela
Gävleborgs län,Nordanstig,Ilsbo
Gävleborgs län,Nordanstig,Jättendal
Gävleborgs län,Nordanstig,Stocka
Gävleborgs län,Nordanstig,Strömsbruk
Gävleborgs län,Ljusdal,Färila
Gävleborgs län,Ljusdal,Hybo
Gävleborgs län,Ljusdal,Järvsö
Gävleborgs län,Ljusdal,Lillhaga
Gävleborgs län,Ljusdal,Ljusdal
Gävleborgs län,Ljusdal,Los
Gävleborgs län,Ljusdal,Tallåsen
Gävleborgs län,Gävle,Berg
Gävleborgs län,Gävle,Bergby
Gävleborgs län,Gävle,Björke
Gävleborgs län,Gävle,Bönan
Gävleborgs län,Gävle,Forsbacka
Gävleborgs län,Gävle,Gävle
Gävleborgs län,Gävle,Hedesunda
Gävleborgs län,Gävle,Lund
Gävleborgs län,Gävle,Norrsundet
Gävleborgs län,Gävle,Sälgsjön
Gävleborgs län,Gävle,Trödje
Gävleborgs län,Gävle,Valbo
Gävleborgs län,Gävle,Åbyggeby
Gävleborgs län,Gävle,Överhärde
Gävleborgs län,Sandviken,Hammarby
Gävleborgs län,Sandviken,Jäderfors
Gävleborgs län,Sandviken,Järbo
Gävleborgs län,Sandviken,Kungsgården
Gävleborgs län,Sandviken,Sandviken
Gävleborgs län,Sandviken,Storvik
Gävleborgs län,Sandviken,Västerberg
Gävleborgs län,Sandviken,Årsunda
Gävleborgs län,Sandviken,Åshammar
Gävleborgs län,Sandviken,Östanå
Gävleborgs län,Sandviken,Österfärnebo
Gävleborgs län,Söderhamn,Bergvik
Gävleborgs län,Söderhamn,Ljusne
Gävleborgs län,Söderhamn,Marmaskogen
Gävleborgs län,Söderhamn,Marmaverken
Gävleborgs län,Söderhamn,Mohed
Gävleborgs län,Söderhamn,Sandarne
Gävleborgs län,Söderhamn,Söderhamn
Gävleborgs län,Söderhamn,Vallvik
Gävleborgs län,Söderhamn,Vannsätter
Gävleborgs län,Bollnäs,Arbrå
Gävleborgs län,Bollnäs,Bollnäs
Gävleborgs län,Bollnäs,Freluga
Gävleborgs län,Bollnäs,Kilafors
Gävleborgs län,Bollnäs,Lottefors
Gävleborgs län,Bollnäs,Rengsjö
Gävleborgs län,Bollnäs,Segersta
Gävleborgs län,Bollnäs,Sibo
Gävleborgs län,Bollnäs,Vallsta
Gävleborgs län,Hudiksvall,Delsbo
Gävleborgs län,Hudiksvall,Enånger
Gävleborgs län,Hudiksvall,Fredriksfors
Gävleborgs län,Hudiksvall,Friggesund
Gävleborgs län,Hudiksvall,Hudiksvall
Gävleborgs län,Hudiksvall,Iggesund
Gävleborgs län,Hudiksvall,Njutånger
Gävleborgs län,Hudiksvall,Näsbyn
Gävleborgs län,Hudiksvall,Näsviken
Gävleborgs län,Hudiksvall,Sörforsa
Västernorrlands län,Ånge,Alby
Västernorrlands län,Ånge,Torpshammar
Västernorrlands län,Ånge,Ånge
Västernorrlands län,Timrå,Bergeforsen
Västernorrlands län,Timrå,Laggarberg
Västernorrlands län,Timrå,Stavreviken
Västernorrlands län,Timrå,Söråker
Västernorrlands län,Timrå,Timrå
Västernorrlands län,Härnösand,Härnösand
Västernorrlands län,Härnösand,Ramvik
Västernorrlands län,Härnösand,Älandsbro
Västernorrlands län,Sundsvall,Ankarsvik
Västernorrlands län,Sundsvall,Hovid
Västernorrlands län,Sundsvall,Indal
Västernorrlands län,Sundsvall,Kovland
Västernorrlands län,Sundsvall,Kvissleby
Västernorrlands län,Sundsvall,Liden
Västernorrlands län,Sundsvall,Lucksta
Västernorrlands län,Sundsvall,Matfors
Västernorrlands län,Sundsvall,Nedansjö
Västernorrlands län,Sundsvall,Njurundabommen
Västernorrlands län,Sundsvall,Selånger
Västernorrlands län,Sundsvall,Stockvik
Västernorrlands län,Sundsvall,Sundsvall
Västernorrlands län,Sundsvall,Svartvik
Västernorrlands län,Sundsvall,Vattjom
Västernorrlands län,Sundsvall,Vi
Västernorrlands län,Kramfors,Bollstabruk
Västernorrlands län,Kramfors,Docksta
Västernorrlands län,Kramfors,Herrskog
Västernorrlands län,Kramfors,Klockestrand
Västernorrlands län,Kramfors,Kramfors
Västernorrlands län,Kramfors,Lugnvik
Västernorrlands län,Kramfors,Lunde
Västernorrlands län,Kramfors,Mjällom
Västernorrlands län,Kramfors,Nordingrå
Västernorrlands län,Kramfors,Nyland
Västernorrlands län,Kramfors,Sandslån
Västernorrlands län,Kramfors,Ullånger
Västernorrlands län,Sollefteå,Junsele
Västernorrlands län,Sollefteå,Långsele
Västernorrlands län,Sollefteå,Näsåker
Västernorrlands län,Sollefteå,Ramsele
Västernorrlands län,Sollefteå,Sollefteå
Västernorrlands län,Örnsköldsvik,Billsta
Västernorrlands län,Örnsköldsvik,Bjästa
Västernorrlands län,Örnsköldsvik,Björna
Västernorrlands län,Örnsköldsvik,Bredbyn
Västernorrlands län,Örnsköldsvik,Gideå
Västernorrlands län,Örnsköldsvik,Husum
Västernorrlands län,Örnsköldsvik,Köpmanholmen
Västernorrlands län,Örnsköldsvik,Långviksmon
Västernorrlands län,Örnsköldsvik,Mellansel
Västernorrlands län,Örnsköldsvik,Moliden
Västernorrlands län,Örnsköldsvik,Sidensjö
Västernorrlands län,Örnsköldsvik,Åmynnet
Västernorrlands län,Örnsköldsvik,Örnsköldsvik
Jämtlands län,Ragunda,Hammarstrand
Jämtlands län,Ragunda,Stugun
Jämtlands län,Ragunda,Västra Bispgården
Jämtlands län,Ragunda,Östra Bispgården
Jämtlands län,Bräcke,Bräcke
Jämtlands län,Bräcke,Gällö
Jämtlands län,Bräcke,Kälarne
Jämtlands län,Bräcke,Pilgrimstad
Jämtlands län,Krokom,Aspås
Jämtlands län,Krokom,Dvärsätt
Jämtlands län,Krokom,Föllinge
Jämtlands län,Krokom,Hissmofors
Jämtlands län,Krokom,Krokom
Jämtlands län,Krokom,Nälden
Jämtlands län,Krokom,Trångsviken
Jämtlands län,Krokom,Vaplan
Jämtlands län,Krokom,Ås
Jämtlands län,Krokom,Åssjöns norra strand
Jämtlands län,Krokom,Änge
Jämtlands län,Strömsund,Backe
Jämtlands län,Strömsund,Gäddede
Jämtlands län,Strömsund,Hammerdal
Jämtlands län,Strömsund,Hoting
Jämtlands län,Strömsund,Näsviken
Jämtlands län,Strömsund,Rossön
Jämtlands län,Strömsund,Strömsund
Jämtlands län,Åre,Björnänge
Jämtlands län,Åre,Hallen
Jämtlands län,Åre,Järpen
Jämtlands län,Åre,Mörsil
Jämtlands län,Åre,Undersåker
Jämtlands län,Åre,Åre
Jämtlands län,Berg,Hackås
Jämtlands län,Berg,Hoverberg
Jämtlands län,Berg,Klövsjö
Jämtlands län,Berg,Myrviken
Jämtlands län,Berg,Rätan
Jämtlands län,Berg,Svenstavik
Jämtlands län,Berg,Åsarna
Jämtlands län,Härjedalen,Bruksvallarna
Jämtlands län,Härjedalen,Funäsdalen
Jämtlands län,Härjedalen,Hede
Jämtlands län,Härjedalen,Lillhärdal
Jämtlands län,Härjedalen,Norr-Hede
Jämtlands län,Härjedalen,Sveg
Jämtlands län,Härjedalen,Ulvkälla
Jämtlands län,Härjedalen,Vemdalen
Jämtlands län,Härjedalen,Ytterhogdal
Jämtlands län,Östersund,Fåker
Jämtlands län,Östersund,Hara
Jämtlands län,Östersund,Häggenås
Jämtlands län,Östersund,Lit
Jämtlands län,Östersund,Lunne
Jämtlands län,Östersund,Marieby
Jämtlands län,Östersund,Orrviken
Jämtlands län,Östersund,Tandsbyn
Jämtlands län,Östersund,Ängsmon
Jämtlands län,Östersund,Östersund
Västerbottens län,Nordmaling,Lögdeå
Västerbottens län,Nordmaling,Nordmaling
Västerbottens län,Nordmaling,Rundvik
Västerbottens län,Bjurholm,Bjurholm
Västerbottens län,Vindeln,Hällnäs
Västerbottens län,Vindeln,Tvärålund
Västerbottens län,Vindeln,Vindeln
Västerbottens län,Robertsfors,Bygdeå
Västerbottens län,Robertsfors,Robertsfors
Västerbottens län,Robertsfors,Ånäset
Västerbottens län,Norsjö,Bastuträsk
Västerbottens län,Norsjö,Norsjö
Västerbottens län,Malå,Malå
Västerbottens län,Storuman,Hemavan/Bierke
Västerbottens län,Storuman,Stensele
Västerbottens län,Storuman,Storuman
Västerbottens län,Storuman,Tärnaby
Västerbottens län,Sorsele,Sorsele
Västerbottens län,Dorotea,Dorotea
Västerbottens län,Vännäs,Vännäs
Västerbottens län,Vännäs,Vännäsby
Västerbottens län,Vilhelmina,Vilhelmina
Västerbottens län,Åsele,Åsele
Västerbottens län,Umeå,Botsmark
Västerbottens län,Umeå,Brännland
Västerbottens län,Umeå,Bullmark
Västerbottens län,Umeå,Ersmark
Västerbottens län,Umeå,Flurkmark
Västerbottens län,Umeå,Hissjön
Västerbottens län,Umeå,Holmsund
Västerbottens län,Umeå,Hörnefors
Västerbottens län,Umeå,Innertavle
Västerbottens län,Umeå,Norrmjöle
Västerbottens län,Umeå,Obbola
Västerbottens län,Umeå,Röbäck
Västerbottens län,Umeå,Stöcke
Västerbottens län,Umeå,Stöcksjö
Västerbottens län,Umeå,Sävar
Västerbottens län,Umeå,Sörfors
Västerbottens län,Umeå,Sörmjöle
Västerbottens län,Umeå,Tavelsjö
Västerbottens län,Umeå,Tomtebo
Västerbottens län,Umeå,Täfteå
Västerbottens län,Umeå,Umeå
Västerbottens län,Umeå,Yttersjö
Västerbottens län,Umeå,Överboda
Västerbottens län,Lycksele,Hedlunda
Västerbottens län,Lycksele,Lycksele
Västerbottens län,Lycksele,Rusksele
Västerbottens län,Skellefteå,Boliden
Västerbottens län,Skellefteå,Bureå
Västerbottens län,Skellefteå,Burträsk
Västerbottens län,Skellefteå,Bygdsiljum
Västerbottens län,Skellefteå,Byske
Västerbottens län,Skellefteå,Drängsmark
Västerbottens län,Skellefteå,Ersmark
Västerbottens län,Skellefteå,Frostkåge
Västerbottens län,Skellefteå,Jörn
Västerbottens län,Skellefteå,Klutmark
Västerbottens län,Skellefteå,Kusmark
Västerbottens län,Skellefteå,Kåge
Västerbottens län,Skellefteå,Lövånger
Västerbottens län,Skellefteå,Medle
Västerbottens län,Skellefteå,Myckle
Västerbottens län,Skellefteå,Ostvik
Västerbottens län,Skellefteå,Skelleftehamn
Västerbottens län,Skellefteå,Skellefteå
Västerbottens län,Skellefteå,Ursviken
Västerbottens län,Skellefteå,Örviken
Norrbottens län,Arvidsjaur,Arvidsjaur
Norrbottens län,Arvidsjaur,Glommersträsk
Norrbottens län,Arjeplog,Arjeplog
Norrbottens län,Jokkmokk,Jokkmokk
Norrbottens län,Jokkmokk,Porjus
Norrbottens län,Jokkmokk,Vuollerim
Norrbottens län,Överkalix,Svartbyn
Norrbottens län,Överkalix,Tallvik
Norrbottens län,Överkalix,Överkalix
Norrbottens län,Kalix,Bredviken
Norrbottens län,Kalix,Båtskärsnäs
Norrbottens län,Kalix,Gammelgården
Norrbottens län,Kalix,Kalix
Norrbottens län,Kalix,Nyborg
Norrbottens län,Kalix,Påläng
Norrbottens län,Kalix,Risögrund
Norrbottens län,Kalix,Sangis
Norrbottens län,Kalix,Töre
Norrbottens län,Övertorneå,Hedenäset
Norrbottens län,Övertorneå,Juoksengi
Norrbottens län,Övertorneå,Övertorneå
Norrbottens län,Pajala,Junosuando
Norrbottens län,Pajala,Kangos
Norrbottens län,Pajala,Korpilombolo
Norrbottens län,Pajala,Pajala
Norrbottens län,Gällivare,Gällivare
Norrbottens län,Gällivare,Hakkas
Norrbottens län,Gällivare,Koskullskulle
Norrbottens län,Gällivare,Malmberget västra
Norrbottens län,Gällivare,Malmberget östra
Norrbottens län,Gällivare,Tjautjas/Cavccas
Norrbottens län,Älvsbyn,Korsträsk
Norrbottens län,Älvsbyn,Vidsel
Norrbottens län,Älvsbyn,Vistträsk
Norrbottens län,Älvsbyn,Älvsbyn
Norrbottens län,Luleå,Antnäs
Norrbottens län,Luleå,Avan
Norrbottens län,Luleå,Bensbyn
Norrbottens län,Luleå,Bergnäset
Norrbottens län,Luleå,Brändön
Norrbottens län,Luleå,Bälinge
Norrbottens län,Luleå,Ersnäs
Norrbottens län,Luleå,Gammelstaden
Norrbottens län,Luleå,Jämtön
Norrbottens län,Luleå,Kallax
Norrbottens län,Luleå,Karlsvik
Norrbottens län,Luleå,Klöverträsk
Norrbottens län,Luleå,Luleå
Norrbottens län,Luleå,Måttsund
Norrbottens län,Luleå,Persön
Norrbottens län,Luleå,Rutvik
Norrbottens län,Luleå,Råneå
Norrbottens län,Luleå,Sundom
Norrbottens län,Luleå,Södra Sunderbyn
Norrbottens län,Luleå,Ängesbyn
Norrbottens län,Piteå,Bergsviken
Norrbottens län,Piteå,Blåsmark
Norrbottens län,Piteå,Böle
Norrbottens län,Piteå,Hemmingsmark
Norrbottens län,Piteå,Hortlax
Norrbottens län,Piteå,Jävre
Norrbottens län,Piteå,Lillpite
Norrbottens län,Piteå,Norrfjärden
Norrbottens län,Piteå,Piteå
Norrbottens län,Piteå,Roknäs
Norrbottens län,Piteå,Rosvik
Norrbottens län,Piteå,Sjulsmark
Norrbottens län,Piteå,Svartudden
Norrbottens län,Piteå,Svensbyn
Norrbottens län,Boden,Boden
Norrbottens län,Boden,Harads
Norrbottens län,Boden,Sävast
Norrbottens län,Boden,Unbyn
Norrbottens län,Boden,Vittjärv
Norrbottens län,Haparanda,Haparanda
Norrbottens län,Haparanda,Nikkala
Norrbottens län,Haparanda,Seskarö
Norrbottens län,Kiruna,Jukkasjärvi
Norrbottens län,Kiruna,Karesuando
Norrbottens län,Kiruna,Kiruna
Norrbottens län,Kiruna,Kuttainen
Norrbottens län,Kiruna,Svappavaara
Norrbottens län,Kiruna,Tuolluvaara / Duollovárri
Norrbottens län,Kiruna,Vittangi
